source,target,value
HuzzahForAlex,joncstone,1
FiveMeadows,word_34,2
RajeevR62038315,BernieSanders,3
ReneCuperus,finchelstein,4
VictoriaFerna71,treehugger1605,5
NewyorkWeissman,TODAYshow,6
SharoniRocks,paladinette,7
Info24US,TheTruth24US,8
frandunn71,NBC10,9
98ashwing,BerniesHomie,10
cpt_fr23,politico,11
w116tjb,BernieSanders,12
Rilandina,JohnFetterman,13
27Seascapes,LivingOnChi,14
FoL2009,JillFilipovic,15
astronautgo,sadydoyle,16
KingAjala,Erik_Verduzco,17
CarlyGr87640978,VIralBuzzNewss,18
wolfeprowler1,coopah,19
GoldenFinest1,Bernlennials,20
terri_georgia,HillaryClinton,21
kennylbelvin,BernieSanders,22
nancysuzyq,Osmanaman3,23
17ThomasPaine76,NBCNews,24
KingAjala,TheAdvocateMag,25
ChetwoodMelissa,VIralBuzzNewss,26
patrioticmomusa,BruceBartlett,27
SimeonLori,VIralBuzzNewss,28
Sadiesgathering,Meemie24,29
seemeimaperson,joncstone,30
WkndGirl,MashableNews,31
KsoTheKing,IamAkademiks,32
northanger,usnews,33
27Seascapes,beleden,34
PaulaDuvall2,GoJamielsLawGo,35
JadedIbisPsesr,DJ_CURFEW,36
DrIanInc,HillaryClinton,37
ChannyJSpeaks,plbds,38
b140tweet,socallks,39
quole,i_journey_bot,40
truemira,ABCLiz,41
RobinMCouch,USATODAY,42
labornuts,Chicago4Bernie,43
SharoniRocks,paladinette,44
andrew_wilford,MotherJones,45
sandersequality,meetthepress,46
THE_DAILY_BLEAT,jarsthemule,47
b140tweet,KirklandReader,48
AxholetheGreat,SteveHofstetter,49
truemira,TheAtlantic,50
nadfe56789,haaretzcom,51
panyan0415,TheBernReport,52
wookie28560,GottaLaff,53
SherriPizza,JessicaGoldstei,54
berniebabe2016,keeton626,55
joseph_carangi,librab103,56
Libertea2012,NumbersMuncher,57
27Seascapes,OnlyTruthReign,58
Sadiesgathering,frodofied,59
flannerykeck,NCForBernie,60
wjcormier,Women4Bernie,61
attorney22330,AndrewCicchetti,62
ZERUDAH,wellshwood,63
AmazingSOP1,MommaERadRebels,64
TigerYuppie,CNN,65
TristateGreenre,DJ_CURFEW,66
SharoniRocks,BerniesHomie,67
AModelsMom2011,brianefallon,68
Chaching466,eraguilar,69
AmazingSOP1,Gabbiedrice78K,70
CarmenMiddlet15,VIralBuzzNewss,71
debthelitigator,iamnatnile,72
jornalistavitor,CNN,73
TylerHarris2018,IIJERiiCHOII,74
FioccaJimmy,graham_hawkes69,75
maamikron42,haaretzcom,76
OVERCOMER2TEN,arizonasanders,77
LyndaPole,ElementsMatter,78
nancysuzyq,KTyndallWFTV,79
EclecticMommaZ,JesseSbaih,80
AriaOliver1,VIralBuzzNewss,81
nancysuzyq,GMA,82
channel__3,CorinneJPN,83
somcak,jiadarola,84
northanger,sydj1405,85
SharoniRocks,GRForSanders,86
Sadiesgathering,jawillie,87
raytford,NBCNews,88
I_AM_HIM365,BernieSanders,89
laura_garvock,MotherJones,90
CarolineLivesey,VIralBuzzNewss,91
sweatpantlegend,BernieSanders,92
OVERCOMER2TEN,NBCNews,93
ChannyJSpeaks,NCForBernie,94
zazahan1,FreeBeacon,95
SyncChrismast,DJ_CURFEW,96
Vote4Mayor2019,AP_Politics,97
DevilDoggg,JoaquinCastrotx,98
giantleap1830,annanicole02,99
shirkuw,TIME,100
StephenKeim1,arizonasanders,101
ereshkigalgirl,fvdlfvdl,102
aubrynathome,StopTrumpPAC,103
bairon_chavez,IamAkademiks,104
BJCollins131,joeyyeo13,105
channel__3,CorinneJPN,106
money_boo_boo,DrMikephsinc,107
PennyHighTrades,Osmanaman3,108
nancysuzyq,YvetteBWilliams,109
SharoniRocks,BernieSanders,110
DonovanOne4,BernieSanders,111
LesaWilbert,Women4Bernie,112
marchionorr,GStuedler,113
BJCollins131,21stCentCrusade,114
FoL2009,word_34,115
SharoniRocks,MSNBC,116
soc_list,saharahbergen,117
StephenKeim1,deeheintz,118
AlexandraAddic2,VIralBuzzNewss,119
VerenaGlass,joaofellet,120
CindyHornley,VIralBuzzNewss,121
Chaching466,happyloner,122
Sinnie5,NumbersMuncher,123
_ChurchDesinrge,DJ_CURFEW,124
ConnieDraper8,VIralBuzzNewss,125
BrennanLena,RT_America,126
AdamNGuy,kujo71,127
XavierBrezniak,nicholasjparisi,128
AdamNGuy,Shawano4Bernie,129
Boilermakerblaw,NBCNews,130
MzPatchouli,GQMagazine,131
WaAmaLionTruth,TIME,132
Sadiesgathering,CitizensFedUp,133
robbieprichards,RT_America,134
AnonTsa,MotherJones,135
pietvM1,RT_America,136
savvie54,Women4Bernie,137
AModelsMom2011,JSavoly,138
Limamoro42,annanicole02,139
SkipwithJessie,VIralBuzzNewss,140
dcbillsmith,brianefallon,141
PoetPeterMoney,Ginsbergpoem,142
FuckYoCouch69_,a__xz,143
MerylTrefethen,BernieSanders,144
27Seascapes,LivingOnChi,145
the__Liberator,newschambers,146
darigah,BenJealous,147
peenyweeny1218,boomerforbernie,148
AModelsMom2011,JSavoly,149
CC4Future,LatPoliticalAve,150
dowd_lauren,BenjySarlin,151
ChannyJSpeaks,bayarea_bias,152
savvie54,BrosForBernie,153
JeanneFischer33,KevinDarryl,154
tubasam79,CNN,155
franciscome,chrislhayes,156
labornuts,ArabsForBernie,157
RNosmik,brianefallon,158
tommorrison950,theonlyadult,159
ConstanceJowch1,VIralBuzzNewss,160
daniemovich10,NBCNews,161
ItsMarcie,HillaryClinton,162
BigTimeFootball,AP_Politics,163
savvie54,kujo71,164
TimKahanek,Coondawg68,165
rDeamscapeaudoi,DJ_CURFEW,166
VictoriaFerna71,YvetteBWilliams,167
wazuberance,WorldForBernie,168
ShadowBau5,ninaturner,169
nancysuzyq,BrotherCooper89,170
giantleap1830,Libertea2012,171
northanger,allanbrauer,172
SO_CAL_BORN91,eaglefeather43,173
Catheri45870607,VIralBuzzNewss,174
geopati,seanspicer,175
brianrogers99,FreeBeacon,176
nancysuzyq,AngryVoters,177
VictoriaFerna71,CovertAnonymous,178
sweatpantlegend,BernieSanders,179
MatocNationPac,ARROWNATION,180
FreeBeacon,ColinTReed,181
berniebabe2016,BernieSanders,182
camp1955,BrianEv62314248,183
RIKIHISA1,sugi_moira,184
tlbear14,CNN,185
patrykkyrtap,FareedZakaria,186
HelgiSven,Women4Bernie,187
RLAlgadi,KelliSmith15,188
MichaelGrande4,abbydphillip,189
ArthurAngell,AP_Politics,190
cocobluesky,Partisan2016,191
BethCol77455974,DanielBackstro1,192
Red_White__Blue,TIME,193
rjber15,Women4Bernie,194
MotusAriuswyn,NewsBreaksLive,195
ReSinanian,joncstone,196
CrickettGrace,VIralBuzzNewss,197
Sandee9378,CNNPolitics,198
ConquestMolly,VIralBuzzNewss,199
kennylbelvin,CitizenCohn,200
petermendel,Kellinquinn,201
red_roy_,novaramedia,202
akidefender,Drudge_Report_,203
DagworthMandy,VIralBuzzNewss,204
corby_linda,VIralBuzzNewss,205
bcorte01,frankthorpNBC,206
SyaAssia,JokeBlogger,207
kimscloset,gop_reaper,208
TXAGJohn58,ADFmedia,209
menjicm,thegarance,210
alexbussieres,GQMagazine,211
denzel_nebraska,TIME,212
donna_geoff,thehill,213
ManMet80,loves_dandelion,214
stazi85,DineshDSouza,215
bodet_arnaud,TIME,216
giantleap1830,BenjySarlin,217
TunosBludscar,Drudge_Report_,218
dsouzavinod,saladinahmed,219
senseoncents,CNN,220
OVERCOMER2TEN,Boilermakerblaw,221
rosiebudpisces,kujo71,222
ErnestLamonica,Patrickesque,223
jojokejohn,MotherJones,224
INSANEPoliticz,Women4Bernie,225
solos4242,pmbarrese,226
koontz205,Latinos4Bernie,227
AmazonTraveler,MommaERadRebels,228
Brithor,TIME,229
waheedbasra115,CNNPolitics,230
travers_sinead,TIME,231
rjber15,BrosForBernie,232
a_for2day,insanityreport,233
VictoriaFerna71,wearjustice,234
hamilton323232,HillaryClinton,235
John_R_Redpath,FreeBeacon,236
AhronZombi,Boogie2988,237
PaulCaris3,newschambers,238
SnataPegatina,DJ_CURFEW,239
AnitaBeckingha1,VIralBuzzNewss,240
ArirneMagemeena,NewsBreaksLive,241
YourFavLiberal,TIME,242
treehugger1605,Morning_Joe,243
KingAjala,NBCNews,244
DeePort28,WPJohnWagner,245
ChantalWyghtha1,VIralBuzzNewss,246
Charlot34168986,VIralBuzzNewss,247
AlexandraFurna1,VIralBuzzNewss,248
countryclevage,OximityHealth,249
ReSinanian,NBCNews,250
labunna,OlegZeltser,251
Rilandina,AARPadvocates,252
GAWomen4Bernie,BernieSanders,253
America1156,CNN,254
ConnieInAmerica,jilevin,255
SawyerJerry,RushCity4Bernie,256
zowism,washingtonpost,257
LI4Bernie,lsarsour,258
robertojirusta,CNN,259
ForteEddie,StevePerkins14,260
alphawastaken,IamAkademiks,261
karmasupra16,jjauthor,262
koontz205,Erik_Verduzco,263
jornalistavitor,TIME,264
keepcalmnovelon,HillaryClinton,265
ReSinanian,bpolitics,266
LI4Bernie,lsarsour,267
27Seascapes,BIFFWARD,268
AllMghtyLantern,DanSlott,269
Eduk8tor101,frodofied,270
marc_shariat,Bernie4PresUSA,271
stefaniami,zerohedge,272
4nightremember,paladinette,273
LeChatNoire4,PuestoLoco,274
the__himanish,MSNBC,275
slipcases,KelliSmith15,276
BernieTweetArmy,NumbersMuncher,277
cantontweet,OlegZeltser,278
__Pete__33,gop_reaper,279
EnForce_NM156,TheRework,280
frodofied,AlanKestrel750,281
okrtham,DJ_CURFEW,282
Liamislove2014,ABCPolitics,283
marc_shariat,YvetteBWilliams,284
johnbhyden,Patrickesque,285
OneWingedAnge1x,CNN,286
menjicm,EricBoehlert,287
DebbieMalins,VIralBuzzNewss,288
TimKahanek,Anxie_TEA,289
DebbieSauntert1,VIralBuzzNewss,290
BerthaBulkeley,VIralBuzzNewss,291
DeniseCurzon,VIralBuzzNewss,292
_RobertHoover,HowardMortman,293
KimESTAqui,CNNPolitics,294
MullenPmullen,AnimalRightsJen,295
denise_peel,VIralBuzzNewss,296
AstoriaSean,SteveHofstetter,297
13wam,KelliSmith15,298
TheGreatLarue1,TheWeek,299
pollyantics,Shizzletheland,300
HaroldMargaret6,MargieInTelAviv,301
Royalty_Steven_,TIME,302
mountainkat47,ninaturner,303
LI4Bernie,lsarsour,304
DashRiprock7a,foxandfriends,305
sarahhmframe,DJ_CURFEW,306
TinyTOEPress,BernieSanders,307
fonda_mae,MotherJones,308
Michaelspolitic,TrapBernie,309
BJCollins131,OlegZeltser,310
JasonWaddell6,MattWelch,311
steven_corey,GerrishLisa,312
tonycruzdj,Chicago4Bernie,313
EnForce_NM156,brianefallon,314
hangcat2,MrJoeSacco,315
SugaRazor,insanityreport,316
ndstarrett,UltimateTennis_,317
ArthurSolari,mikesldy6969,318
gc4ginger,EricBoehlert,319
KarineGoddard,turbobern,320
igotviews,BruceBartlett,321
oscardagrouch77,MattBinder,322
poohsbrana,Raffi_RC,323
globaker56,StopTrumpPAC,324
JJMCCABE2,Politicaltwain1,325
DaleF3,TheWeek,326
OnistPurpose,MSNBC,327
mswxn,TIME,328
SaulortegaB,CNN,329
APORTILLA787,_cingraham,330
YggweaverM,NewsBreaksLive,331
LeChatNoire4,38_28_38,332
Omega_Squadron,Sadieisonfire,333
RiotJarnaed,DJ_CURFEW,334
PaulRobert2,PhMarliere,335
Arunkarthikc007,CNNPolitics,336
zomgitsjesus,TheAtlantic,337
oscardagrouch77,NewApproachPAC,338
Sandee9378,EricBoehlert,339
CherylC71033186,VIralBuzzNewss,340
jrwade1955,AIIAmericanGirI,341
WAYNRadio,TIME,342
josh_walker1,NBCNews,343
jean_laclair,CplSoletrain,344
Letyludigital,MotherJones,345
derington_erika,VIralBuzzNewss,346
JBELLOLEON,AURIVEC,347
HelgiSven,MotherJones,348
wsejour,tthomaslew76,349
Barbara2494602,Women4Bernie,350
Sadiesgathering,jawillie,351
MOVEprofPHD,MotherJones,352
AhronZombi,Boogie2988,353
NOTJUSTAWRITER,TIME,354
HumphreyBohun,thegarance,355
LeChatNoire4,38_28_38,356
Rilandina,CitizenCohn,357
totgaways,cigarilloruffo,358
souleymane1211,TIME,359
channel__3,QuinnipiacPoll,360
SOOTHE_,JoaquinCastrotx,361
ThatAce_Lace,DailyMail,362
koontz205,DOUBTMYPROGRESS,363
Auntiemels,MotherJones,364
SheratonPamela,VIralBuzzNewss,365
AgamawormKarana,Drudge_Report_,366
Notorious_Nava,RussTop3Ever,367
amrginalien,DJ_CURFEW,368
greggo1685,arizonasanders,369
liberalprick70,NBCNews,370
pcournet,MotherJones,371
menjicm,RyanHeathAdams,372
StanleyRucinski,NBCNews,373
ahanprojects,DJ_CURFEW,374
pamxtc,NikoWavy,375
HRC4PREZ_2016,JaimeRPuente,376
sabraeliza,Women4Bernie,377
RNosmik,Patrickesque,378
kyraOcity,BrookingsInst,379
jrzygirlinfla,MiddleClassDem,380
levicousa,NBCNews,381
DianaLyfeld,VIralBuzzNewss,382
cheyne_linda,VIralBuzzNewss,383
rakib_Ctg2015,NumbersMuncher,384
menjicm,38_28_38,385
VeeEmm_92,lauraolin,386
DianaDove1,VIralBuzzNewss,387
BernieTweetArmy,ninaturner,388
treehugger1605,BernieSanders,389
ChrisC_Penguin,BernieSanders,390
whitepants,TODAYshow,391
SkipwithJulia,VIralBuzzNewss,392
diane1820,TIME,393
MystikDev,davidsirota,394
marti431uew,JM_Ashby,395
Diagnostician,AP_Politics,396
j_lajara,BernieSanders,397
j_lajara,arizonasanders,398
KeirFrancis,farmerdarrell,399
cyndiwanek,captaindoodle,400
rakib_Ctg2015,DeckDecktor,401
TinyTOEPress,YvetteBWilliams,402
alanp90210,MotherJones,403
NsubugaKefa,TIME,404
lorandrea,Libertea2012,405
siquieresmelees,TIME,406
AhronZombi,Boogie2988,407
zomgitsjesus,MJPolitico,408
rjames1928,OlegZeltser,409
StormyVNV,Menace_Punky,410
mickivoss,sadieark,411
rchrisjames,RandalZ,412
jlangdale,ColinTReed,413
ProjectNav,JamesOKeefeIII,414
98xhplyi,DJ_CURFEW,415
TRUTHAWARETRUTH,ResadaTurner,416
JackieMcReath1,OlegZeltser,417
JobourneStonec1,Drudge_Report_,418
Progress_Speak,Sassy__Abby,419
SlubertFri,AngryVoters,420
Moon___Sister,SenSanders,421
DeePort28,WPJohnWagner,422
sabraeliza,plbds,423
mharvey816,EricBoehlert,424
mp4bernie,DaleF3,425
Alboss_ZS,geoffrooy,426
lewridenhour,DJ_CURFEW,427
LindaFoens,HillaryClinton,428
rjames1928,ColinTReed,429
KingAjala,AliceOllstein,430
MystikDev,YvetteBWilliams,431
joemcwhinney,MotherJones,432
Barbara2494602,BrosForBernie,433
AliceBeauchamp2,VIralBuzzNewss,434
pattigandolfini,TheXclass,435
AxholetheGreat,ElementsMatter,436
Loca2733Mc,KevinDarryl,437
DaleF3,novenator,438
dreamcatcher5,JoaquinCastrotx,439
grantdavis32,Sadieisonfire,440
AhronZombi,Boogie2988,441
SlubertFri,NewApproachPAC,442
Moon___Sister,chrislhayes,443
WeskusOuma,Telegraph,444
oxaob,DJ_CURFEW,445
Rilandina,BernieSanders,446
DianeKeckilpen1,VIralBuzzNewss,447
rchrisjames,YvetteBWilliams,448
27Seascapes,VIAwesome,449
DeePort28,WPJohnWagner,450
TilikumCo,BernieSanders,451
rakib_Ctg2015,ninaturner,452
stefsstuff,HillaryClinton,453
DaleF3,voteunion,454
ArthurA_P,38_28_38,455
Shekina29292890,TheBardockObama,456
McCueNY,HillaryClinton,457
DonnettJessie,VIralBuzzNewss,458
AndrewsHarley,AIIAmericanGirI,459
CVelazquezcarf,CNN,460
HeadcACE1906,insanityreport,461
DennisNorthrup,MaryMorientes,462
DaleF3,XPravdaX,463
TLDubs,BernieSanders,464
kanegop,foxandfriends,465
ericfriedrich4,ndaktuell,466
AWGIndependent,lsarsour,467
BrandiKesteven,VIralBuzzNewss,468
AhronZombi,Boogie2988,469
missingahzu,BernieSanders,470
william4manu,People4Bernie,471
Bryn__Phillips,CarlPackman,472
TinaMorphis,EricBoehlert,473
KingAjala,TheAdvocateMag,474
JoeWAtAFSCME,BernieSanders,475
rakib_Ctg2015,ninaturner,476
CindyBishopson,VIralBuzzNewss,477
DorewardJessica,VIralBuzzNewss,478
Stephen24669,BarryMcColgan,479
fonda_mae,PuestoLoco,480
star9fish,ninaturner,481
SawyerJerry,MotherJones,482
ImmoralReport,jarsthemule,483
NW1994x,Ed_Samaniego,484
Mlmetzger11,CindyLeinwand12,485
CalRulz25,chrislhayes,486
Legionof7,CNN,487
Shirley43392434,VIralBuzzNewss,488
simona026,RedRising11,489
GoPureNatulasr,DJ_CURFEW,490
DaleF3,YvetteBWilliams,491
renatog24,TIME,492
geogray,TIME,493
GodandtheBear,BernieSanders,494
Merton_G3,NBCNews,495
ArcanerisarB,NewsBreaksLive,496
meetnpatatas,UltimateTennis_,497
mosshillmama,CitizenCohn,498
1stGermanstore,OximityHealth,499
Barbara2494602,paladinette,500
JamesSheaiv,WPJohnWagner,501
DaleF3,Letter10Media,502
daimonck,thehill,503
drclbm2001,NBCNews,504
driftaway2,thegarance,505
lucysindhu,DustinAGoodman,506
ntrip10,Sadieisonfire,507
Linfield1641,NI_Unionist,508
macscompute,grm_chikn,509
BDorigami,NewsBreaksLive,510
lwest16,BrianEv62314248,511
Mauriceology,IamAkademiks,512
bayou_bobby,Latinos4Bernie,513
chandIermonica,louismjj,514
Courtney_Cox3,THERobBranscum4,515
Freeda99,HillaryClinton,516
NecSorteNecFato,thegarance,517
AhronZombi,Boogie2988,518
KingAjala,AlexfromPhilly,519
_Ahbs_,graham_hawkes69,520
zomgitsjesus,LieparDestin,521
GGG_says,AngryVoters,522
HelgiSven,UltimateTennis_,523
StephenKeim1,BoneKnightmare,524
abitx2u,BeladonnaRogers,525
CC4Future,MaryMorientes,526
alunchleageu,DJ_CURFEW,527
AgamaseekerK,Drudge_Report_,528
LiberalLegion,BernieSanders,529
HedinJohn,Raffi_RC,530
SherredEllen,dlb703,531
AaronBrolin,MashableNews,532
GGG_says,BernieBus2016,533
YSilverdora,Drudge_Report_,534
FrantzForMayor,RT_America,535
AntiRepubWarior,HubieDo,536
seolatta,insanityreport,537
HouseofTwitsLab,CarlPackman,538
Earthangel7558,Women4Bernie,539
StonerdanaLafi2,NewsBreaksLive,540
StephenKeim1,treehugger1605,541
DeniseFlores,EricBoehlert,542
drubald,PhMarliere,543
levicousa,CNN,544
_therealdave,SteveHofstetter,545
NewyorkWeissman,RussTop3Ever,546
blocking_sled,ZaidJilani,547
EllenNarbridge,VIralBuzzNewss,548
vortegavo,carlofchacon,549
iaaatm,DJ_CURFEW,550
NadirHassan16,IamAkademiks,551
RLAlgadi,MSNBC,552
GGG_says,imaretired,553
DrylandEliza,VIralBuzzNewss,554
NJIvorygirl,BeladonnaRogers,555
snippets345,novenator,556
s_makenzie,graham_hawkes69,557
firemanjohn628,BenjySarlin,558
udapet1,courrierinter,559
libismanaged,BenJules123,560
sarahv230,TIME,561
macsmarts,jjauthor,562
LinkseMafklappr,CNNPolitics,563
JDouble78,Morning_Joe,564
AhronZombi,Boogie2988,565
attorney22330,GRForSanders,566
kimscloset,TIME,567
Rilandina,BernieSanders,568
HedgeyeIndstrls,Hedgeye,569
ADDCharlie,MrJoeSacco,570
ktnicoll87,HumanistReport,571
womengetpolitic,CNNPolitics,572
stringfellow2,NumbersMuncher,573
noenglish,revistaforum,574
ElizaBrowning14,VIralBuzzNewss,575
JamesSheaiv,MotherJones,576
LordTwerk,BernieSanders,577
SandyPierce,CCPAC4Cruz,578
koontz205,Iowa4Bernie,579
SallyJupiterRA,RajShah84,580
Libraryben,SteveHofstetter,581
dropoutnation,DFER_News,582
wsejour,novenator,583
gsv45,FemsHaveBallz,584
DaleF3,YvetteBWilliams,585
The47ers,38_28_38,586
BernieTweetArmy,keeton626,587
oZnePos,DJ_CURFEW,588
Earthangel7558,BrosForBernie,589
NoBigGovDuh,jgillanNews3LV,590
AndyLangenkamp,TIME,591
saynasnpdr,CoolestLifeHack,592
paladinette,PWM62,593
MrDarling4,thehill,594
tomcopley,CarlPackman,595
wolfeprowler1,sanderswillwin,596
GodandtheBear,WPJohnWagner,597
AmazingSOP1,docdebags,598
jasoncherkis,lydiadepillis,599
MerylTrefethen,davidsirota,600
FittonVicki,VIralBuzzNewss,601
NoBigGovDuh,jgillanNews3LV,602
MiyagawaTakaha6,TIME,603
ConnieMillet2,VIralBuzzNewss,604
AnaRomanik,ColinTReed,605
DaleF3,YvetteBWilliams,606
damalbaes,TIME,607
CarsonsCat,newschambers,608
derzquist,billmon1,609
EvelynMilner2,VIralBuzzNewss,610
GENX4Bernie,voteunion,611
koontz205,coslive,612
MellaSaldavia,FoxNews,613
EvaFran99994582,VIralBuzzNewss,614
CubanMom52,TIME,615
cigarilloruffo,SusanSarandon,616
ImWatchingToo,sanderswillwin,617
DaleF3,YvetteBWilliams,618
BabaOloriokoBB,thehill,619
opticspolitics,BlueTrooth,620
FrithCathy,VIralBuzzNewss,621
ebalagia,RexHuppke,622
paddymsp,chetony,623
KateH0ffman,thehill,624
irishfellow01,RNRMaryland,625
wavesofeuphoria,SusanSarandon,626
ciaranmacairt,NiallOMurchu,627
j_rossman,chrislhayes,628
money_boo_boo,word_34,629
omahabe2,OlegZeltser,630
Wangruix,Morning_Joe,631
Haliban85,BernieSanders,632
koontz205,Catholics4Bern,633
anlane,ajc,634
justStephM2,NiallOMurchu,635
WhirlwindWisdom,kasie,636
AmazonTraveler,38_28_38,637
TheMisterPool,MotherJones,638
MSolihinM,TIME,639
Bernlennials,BrosForBernie,640
CubanMom52,NBCNews,641
WhatDQAFa,DJ_CURFEW,642
iscuimhinliom,vivigold197,643
NoBigGovDuh,NYDailyNews,644
rev_avocado,arthur_affect,645
muntel,BernieSanders,646
youlovedalvie,IamAkademiks,647
GloriaBurton18,VIralBuzzNewss,648
EverardLucy,VIralBuzzNewss,649
Robbiemac336,bpolitics,650
FulburneLinda,VIralBuzzNewss,651
AlicockFiona,VIralBuzzNewss,652
medical91,MissLynnetteH,653
PrashanthNair10,TIME,654
stringfellow2,RubinReport,655
robbiehart21,OlegZeltser,656
SimsXclusive,IamAkademiks,657
GerardTanya,VIralBuzzNewss,658
MsOCHubbard,EricBoehlert,659
takinyera,TIME,660
missingahzu,GerrishLisa,661
iesnesiaknan,Libertea2012,662
JamesSheaiv,BrosForBernie,663
CamelotGypsy,RandalZ,664
marti431uew,LeChatNoire4,665
dualkoondog,OrkBrand,666
limousine,HillaryClinton,667
HelgiSven,ninaturner,668
armandodkos,brianefallon,669
carmen_hinson,VIralBuzzNewss,670
GoldieAZ,AlanKestrel750,671
TroutMaskReplca,BernieSanders,672
Jasquinn,JoyAnnReid,673
cocobluesky,oxdspalla,674
mglessman,davidjones720,675
CoorthoppHayley,VIralBuzzNewss,676
MarcusJOwens,lilduval,677
facialimped,PaulRieckhoff,678
CC4Future,JM_Ashby,679
mp4bernie,YvetteBWilliams,680
GrostonLara,VIralBuzzNewss,681
milo_jeff,newman_chris,682
AllinnOe,DJ_CURFEW,683
ambercrest3,CNN,684
courtenay_doris,VIralBuzzNewss,685
ClassicalLib,Gumlegs,686
giantleap1830,jodalatour,687
oTm3dJya,DJ_CURFEW,688
LHofstein,WSJbreakingnews,689
erinpastore,thegarance,690
koontz205,NCForBernie,691
marti431uew,thepeoplesview,692
HadreshamHelen,VIralBuzzNewss,693
GlamGOBErt,torapocodan,694
MWillJr,paulkrugman,695
AmazonTraveler,38_28_38,696
BSpearsTaughtMe,OhItsRyan,697
Earthangel7558,MSNBC,698
RizviSalim,NBCNews,699
JDouble78,RoadHound79,700
baldwin_sydney,HillaryClinton,701
jojos444,abbydphillip,702
Raywoolford,RadioJonesPippa,703
bene_dict_auman,CoolestLifeHack,704
Auntiemels,BernieOrBust,705
AngieMeader,the_intercept,706
PeterWeiss150,DJ_CURFEW,707
medical91,SouthSeaGold,708
HayleyHarbottl2,VIralBuzzNewss,709
Freddyeperezg,Residente,710
koontz205,Morning_Joe,711
ruskaj,MyHumanCompass,712
JeremyManier,thegarance,713
greenway_lucy,VIralBuzzNewss,714
HansartJennifer,VIralBuzzNewss,715
TroutMaskReplca,BernieSanders,716
FoL2009,ClaudiaKoerner,717
CrystalDuncombe,VIralBuzzNewss,718
miki_iu,oxdspalla,719
micah_morrison,johnfund,720
NewyorkWeissman,tthomaslew76,721
GerrishLisa,BernieSanders,722
HelenaShinglet2,VIralBuzzNewss,723
CrystalGedding,VIralBuzzNewss,724
FoL2009,armandodkos,725
attorney22330,Morning_Joe,726
RockyBalboa1066,gpracer350,727
Gabbiedrice78K,inglamwetrust,728
jessied44,progressive4u2,729
BedgberrySue,VIralBuzzNewss,730
HelenDavy3,VIralBuzzNewss,731
RomeoIIIV,mmurraypolitics,732
Samdeveson,BernieSanders,733
MARIELinBOSTON,venjeff,734
greggo1685,TODAYshow,735
MattMiller67,IamAkademiks,736
koontz205,Catholics4Bern,737
SelmaCovington,ArabsForBernie,738
alison_strader,VIralBuzzNewss,739
komandante1982,TheAffinityMag,740
azakharov82,ColinTReed,741
iOnlyWearPants,HYPEBEAST,742
bja222,ArabsForBernie,743
BizAndMarkengit,DJ_CURFEW,744
Mlmetzger11,38_28_38,745
rakib_Ctg2015,Katlaya,746
rmiskimens,RyanHeathAdams,747
DaleF3,NationalNurses,748
padmodi,BernieSanders,749
deborah_simeon,VIralBuzzNewss,750
GaryReilly39,RaniaKhalek,751
DebbieBedingfe1,VIralBuzzNewss,752
imaretired,RandalZ,753
matthewfre_matt,jennifermerril2,754
ladybug0501,Libertea2012,755
AmazingSOP1,CindyLeinwand12,756
padmodi,BernieSanders,757
beljoymcmurry1,CNNPolitics,758
marti431uew,Carrasquillo,759
STERLINGMHOLMES,Libertea2012,760
rakib_Ctg2015,AndrewCicchetti,761
LeChatNoire4,PuestoLoco,762
milo_jeff,RefugeeWatcher,763
ktnicoll87,RussTop3Ever,764
carolineyezer,HuffPostPol,765
InwoodDenise,VIralBuzzNewss,766
AquilaBasketTN,luigidusmet,767
CarolynProctor,YvetteBWilliams,768
HornleyVicki,VIralBuzzNewss,769
padmodi,BernieSanders,770
__Pete__33,BenjySarlin,771
BertaLilah,DJ_CURFEW,772
koontz205,KatrinaNation,773
CarrieEston,VIralBuzzNewss,774
Mlmetzger11,38_28_38,775
ChristinaDrape3,VIralBuzzNewss,776
J__Ludwig,ndaktuell,777
INSANEPoliticz,GeeOhPees2,778
hopton_sylvia,VIralBuzzNewss,779
marif3dorova,Mustapha_Itani,780
yocibou,torapocodan,781
jrzygirlinfla,ninaturner,782
GGG_says,mariaj81,783
jess1962,StrikingConcept,784
itsjustplay,Independent,785
paladinette,KimMarkou,786
kingpin7666,YvetteBWilliams,787
keilie_79,BernieSanders,788
ladybug0501,NationalNurses,789
CamelotGypsy,MAHAMOSA,790
Wangruix,Latinos4Bernie,791
DaleF3,NicholsUprising,792
JamieGeoffrey,VIralBuzzNewss,793
giantleap1830,Chicago4Bernie,794
GGG_says,BerniesHomie,795
LouLachat,MotherJones,796
ttengineer,NI_Unionist,797
mswanson85,TIME,798
renatog24,NBCNews,799
ThomasStewart08,ByLeavesWeLive,800
wilson6923,LilMsgss,801
padmodi,CitizenCohn,802
rmiskimens,AlanKestrel750,803
DaleF3,Bernie4prezclip,804
wccjtsan,BernieSanders,805
cyote6,BeladonnaRogers,806
OwossoKim,ninaturner,807
_metafizik,polandmary21,808
VoicesDementia,Coco_Wms,809
JaneRatcliff1,VIralBuzzNewss,810
armandodkos,frodofied,811
TheJasonCarney,PicBernie2016,812
APCSNCY,DJ_CURFEW,813
PaulnBaberDems,thenluedoorcafe,814
CarlaRK3,ScotCharlotte,815
FoL2009,JesseLehrich,816
rmiskimens,EricBoehlert,817
NewyorkWeissman,Politicaltwain1,818
ladybug0501,NicholsUprising,819
OgTeabelly,BernieSanders,820
PrashanthNair10,CNN,821
jsphcrft,the_intercept,822
MuradQureshiAM,joncstone,823
jbest8907,TheBpDShow,824
yanita1987,revistacapital,825
__Pete__33,davidsirota,826
DaleF3,mjanemann,827
aldalorena,MikeMorey,828
ashlynshockley,TheBernReport,829
brocKy_dcu,graham_hawkes69,830
JBShivani,diplo,831
HouseofTwits,CarlPackman,832
_jsolarte,TheAdvocateMag,833
AngryVoters,Pb_Dirigible,834
zhawk23,CitizenCohn,835
eelcobvr,Nate_Cohn,836
wearly_s,BernieSanders,837
GaryPeters14,joncstone,838
MikeTront,michaelmalice,839
McCueNY,TheBriefing2016,840
paladinette,YvetteBWilliams,841
TheJasonCarney,PicBernie2016,842
AgamaseekerK,NewsBreaksLive,843
rtyson82,RaniaKhalek,844
pkheng,EricBoehlert,845
silvacristani_,DJ_CURFEW,846
matthewfre_matt,vivabernie,847
reftpt,TheWeek,848
GGG_says,davidsirota,849
JillGoo65722393,VIralBuzzNewss,850
pkrimsky,BernieSanders,851
AmazonTraveler,RyanHeathAdams,852
Warzone_Maniac,ZillaProbe,853
jrzygirlinfla,RoseAnnDeMoro,854
ZolofireDawnsi1,Drudge_Report_,855
Frigment1,Sadieisonfire,856
GoDemIdaho,dollyp724,857
attorney22330,YvetteBWilliams,858
AmazingSOP1,CitizensFedUp,859
DorothyTotthill,VIralBuzzNewss,860
Jennife60881301,VIralBuzzNewss,861
Titichai72,RyanHeathAdams,862
popstherock33,RedRising11,863
ElliotSime,eevee,864
AuthorBoudreaux,BeladonnaRogers,865
StephenFitzge13,GCM_2016,866
pambevis,BernieSanders,867
JeanLetterford,VIralBuzzNewss,868
ghocrusher,Drudge_Report_,869
PaulnBaberDems,_Julio_Caesar,870
wccjtsan,shipman96,871
MichaelGrande4,money_boo_boo,872
LuchaProDerecho,POC4Bernie,873
E140tweet,socallks,874
ciaogirl9,thegarance,875
syddid_VI24,TAW3333,876
tonybruni,StopTrumpPAC,877
KateCarsella,ArabsForBernie,878
slipcases,PuestoLoco,879
paladinette,lui_jimz,880
emilybaselt,cmclymer,881
PaulnBaberDems,BernieSanders,882
Wickedjulia,andendall,883
CamelotGypsy,d_rc__,884
Transcendental1,Independent,885
JessicaKilligr1,VIralBuzzNewss,886
notSunnybrook,richfahle,887
sara0garcia,Independent,888
OghmariGurdin,NewsBreaksLive,889
armin_zakwan,CoolestLifeHack,890
PaulnBaberDems,BernieSanders,891
E140tweet,KirklandReader,892
padmodi,MSNBC,893
AlyssaB11821321,VIralBuzzNewss,894
mythopoetry,paladinette,895
joantriasbad,desdemanhattan,896
AmazingSOP1,inglamwetrust,897
LoopedNews,TIME,898
DonTochillo,News3LV,899
shanilsam,MashableNews,900
bjcrochet,HillaryClinton,901
cybersec4u,SocialWiz,902
susanmcgraw88,Independent,903
snowsurfvt,CallawayBOT,904
dove_stella,VIralBuzzNewss,905
grolnik,Independent,906
Carl23b4,USATODAY,907
jemsan1,NumbersMuncher,908
JennaVaughan11,VIralBuzzNewss,909
shanilsam,TIME,910
ReneCuperus,Independent,911
branstew,People4Bernie,912
TheJasonCarney,1PhoenixDragon,913
RealGM4Hillary,brianefallon,914
StephenKeim1,WillSmirk4Food,915
PWM62,rugcernie,916
TinyPurseDog,jvdgoot,917
baroqueartisan,Bernie4PresUSA,918
TheJasonCarney,Latinos4Bernie,919
DaTeOla,Libertea2012,920
FactsMatter,davidsirota,921
JillHay00851148,VIralBuzzNewss,922
MichaelJosem,FreeBeacon,923
HotlineJosh,PoliticoScott,924
JulietMerden,VIralBuzzNewss,925
DownerEmily,VIralBuzzNewss,926
AdamWollner,PoliticoScott,927
etsygrail,OracleFrequency,928
JudithSaynsber1,VIralBuzzNewss,929
suekhi,Patrickesque,930
CarolynProctor,YvetteBWilliams,931
bhandel58,polandmary21,932
steveaappleton,chetony,933
newacademic,Independent,934
tomswan,An_Phoblacht,935
StonerdanaLafi2,Drudge_Report_,936
edgerton_debbie,VIralBuzzNewss,937
jess1962,LineDrive2_Face,938
chris_emerson,Independent,939
tommorrison950,brianefallon,940
jimdwrench,ColinTReed,941
wavesofeuphoria,4anniereilly,942
armandodkos,AlanKestrel750,943
JakubKarczynski,Independent,944
swpitt26,RandalZ,945
thriftyfinn,Independent,946
StephenKeim1,OpalBroussard1,947
odibro,Independent,948
jasonizumiKona,novenator,949
attorney22330,BenJealous,950
jan_goran,RyanHeathAdams,951
BradVEarl,TweetingYarnie,952
verbotenideen,polandmary21,953
Suma4720,NicholsUprising,954
Javier_TheDude,IamAkademiks,955
StephenKeim1,MidnightsMoon,956
jfurtney,BernieSanders,957
StandWithRand__,mariannecope,958
garyschor,patrickcurl,959
RealGM4Hillary,julito77,960
docwindprod,fw4bernie,961
bowhunter_va,RedRising11,962
willyloman1,cossa68,963
MattMarousek,KimMarkou,964
ktnicoll87,SEI4BS,965
balajinuann,DJ_CURFEW,966
DaleF3,OrangeNBluBlood,967
MiyagawaTakaha6,NBCNews,968
QuickBackcinks,DJ_CURFEW,969
judtillett,ColinTReed,970
KathyWellins,VIralBuzzNewss,971
RLAlgadi,38_28_38,972
LetsBeDull,NeeziOne,973
comefollowcath,Independent,974
sister6c,FerrerAgnes,975
Adampdx,cuegle,976
HollandforBern,lsarsour,977
arisya_adriana,CoolestLifeHack,978
queengost,Nerditupnation,979
wavesofeuphoria,ldbrillante,980
LVSimmart,MotherJones,981
takinyera,CNN,982
KarenLitchfiel2,VIralBuzzNewss,983
ktnicoll87,Politicaltwain1,984
cyote6,dlb703,985
BrianYoakam,BernieSanders,986
KatieBristow5,VIralBuzzNewss,987
AlyssaKidwelly,VIralBuzzNewss,988
LeChatNoire4,blubarycroc,989
Libertea2012,AARPadvocates,990
OVERCOMER2TEN,ArabsForBernie,991
shanilsam,timesofindia,992
murraywaas,politico,993
rorensu4,torapocodan,994
WybeeOB1,RT_America,995
Solos_Greenhous,IamAkademiks,996
Wickedjulia,Pb_Dirigible,997
MattMarousek,paladinette,998
stream0_,CNN,999
DrydenMiranda,VIralBuzzNewss,1000
JeanneFischer33,PoliticoScott,1001
KathleenFitzwi1,VIralBuzzNewss,1002
mixedolnews,CNN,1003
DMint48,polandmary21,1004
ron_fournier,ChadLivengood,1005
KellyNa96122536,VIralBuzzNewss,1006
RyanHeathAdams,KoriWasinger,1007
ratgeo5,TIME,1008
CathyTX,thegarance,1009
No1CookieLady,Libertea2012,1010
iamTamerah,CNN,1011
PodemosLeganes,eldiarioes,1012
jimmywhiz,EricBoehlert,1013
attorney22330,NumbersMuncher,1014
Wickedjulia,BernieTampaBay,1015
TheJasonCarney,PicBernie2016,1016
CathyTX,nhdogmom,1017
YvoScheringa,EZStadskanaal,1018
bestinteremedia,TIME,1019
Real_Food,thegarance,1020
StephenFitzge13,Women4Bernie,1021
tprayaag,DJ_CURFEW,1022
k_mcentire,Tim_Groseclose,1023
PaulOkumu5,CNNPolitics,1024
callumhalpin_,piarais91,1025
KiseIsABitch,captainbootycap,1026
pessimism,Mlsif,1027
woodruffbets,JGreenDC,1028
pollyantics,fw4bernie,1029
DriggersJudy,WPJohnWagner,1030
BrianPageau,MashableNews,1031
khaya_kondlo,RT_America,1032
JoshSc0tt,CGBPosts,1033
RealGM4Hillary,brianefallon,1034
reevegeorgew,jlynreeve4,1035
ErikaKillingwo1,VIralBuzzNewss,1036
StephenKeim1,CliffOlney,1037
CharlieH54321,babyitsmb,1038
HotlineKaryn,kenvogel,1039
mattklewis,PoliticoScott,1040
johannesansgaar,BernieSanders,1041
baroqueartisan,Brains4Bern,1042
shanilsam,Latinos4Bernie,1043
CarolynProctor,YvetteBWilliams,1044
KnightonBeth,VIralBuzzNewss,1045
JobourneStonec1,NewsBreaksLive,1046
KimberleeNelson,BernieSanders,1047
CitzAbroad4Bern,GeeOhPees2,1048
babyitsmb,PoliticoScott,1049
SusanEMeehan,KillerMike,1050
nbex9,ArabsForBernie,1051
shanilsam,TheYoungTurks,1052
MBarakso,JohnJHarwood,1053
marti431uew,PuestoLoco,1054
sharynski,LeChatNoire4,1055
r0ka_,Independent,1056
THE_DAILY_BLEAT,JammieWF,1057
Alenycheva87,DJ_CURFEW,1058
Brob588,VickiMcKenna,1059
laraHolland20,VIralBuzzNewss,1060
giantleap1830,arizonasanders,1061
nani_booboo,johnny3Ko,1062
susanmcgraw88,polandmary21,1063
DriggersJudy,WPJohnWagner,1064
RLAlgadi,38_28_38,1065
Hillary_HQ,brianefallon,1066
CitzAbroad4Bern,bernreport,1067
jasonizumiKona,novenator,1068
Chaching466,SethAMandel,1069
StrayYellarDawg,thegarance,1070
attorney22330,WPJohnWagner,1071
pferal,TAW3333,1072
shanilsam,DOUBTMYPROGRESS,1073
thedsh1,washingtonpost,1074
angrysocialst,steve0423,1075
carolanne269,Independent,1076
ogerface,polandmary21,1077
jmcclimo2003,CitizenCohn,1078
Suma4720,NicholsUprising,1079
CitzAbroad4Bern,Latinos4Bernie,1080
DriggersJudy,BernieSanders,1081
Selfempmom,BernieSanders,1082
giantleap1830,MSNBC,1083
Gooner_Rafa,MashableNews,1084
Nexus7900,liars_never_win,1085
FixDemocracy16,Jeff_Raines,1086
docwindprod,Coco_Wms,1087
FloidaLiving,steve0423,1088
boomerforbernie,lsarsour,1089
MalyndaNyc,ldbrillante,1090
KnyvettEliza,VIralBuzzNewss,1091
Barack_McBush,TIME,1092
JJohnsonD48,QuinnipiacPoll,1093
DawGraham,polandmary21,1094
DAN_DOBIN,Independent,1095
13wam,gollum1419_g,1096
TheJasonCarney,mikesldy6969,1097
SophieInCT,DaBearded0ne,1098
monkeywine,babyitsmb,1099
HollandforBern,Latinos4Bernie,1100
pkrimsky,AngryVoters,1101
manjusingh77,Independent,1102
MalyndaNyc,lsarsour,1103
kunimatsu0,masatheman,1104
shanilsam,jiadarola,1105
jasonizumiKona,novenator,1106
cocobluesky,ballerinadalek,1107
AmixedJamaican,blackreport,1108
FjiEJwCR7sIYPgD,sugi_moira,1109
USA4Bernie,steve0423,1110
FixDemocracy16,NewRepublic,1111
MsOCHubbard,MotherJones,1112
ANTONIYA__RADA,ValerieAmos,1113
TheTawniest,LatPoliticalAve,1114
janetislight,lui_jimz,1115
jonpryor,ZaidJilani,1116
boomerforbernie,NewyorkWeissman,1117
marti431uew,38_28_38,1118
LehenardLauren,VIralBuzzNewss,1119
cajohncox,ForwardFalcon,1120
docwindprod,KimMarkou,1121
DeePort28,Independent,1122
RavenHead2014,BernieSanders,1123
OVERCOMER2TEN,BrosForBernie,1124
nani_booboo,Osmanaman3,1125
yoc_chyy,Independent,1126
kunimatsu0,bpolitics,1127
BLACKFLAGchi,GRinFlorida,1128
TampaGurlFL,PoliticoScott,1129
CitzAbroad4Bern,BernieTeachers,1130
jessied44,Scampi13,1131
snowbird42,Lee_in_Iowa,1132
WinthropPoll,PoliticoScott,1133
Wildfang135,Pb_Dirigible,1134
steven_corey,ArabsForBernie,1135
evelyn_elliot,VIralBuzzNewss,1136
corby_grace,VIralBuzzNewss,1137
boomerforbernie,Politicaltwain1,1138
djcesar0609,gugachacra,1139
NewyorkWeissman,johnny3Ko,1140
akidefender,NewsBreaksLive,1141
uybiqc_yp,DJ_CURFEW,1142
PamelaSchuur,JohnJHarwood,1143
thegreatcatsbie,MrJoeSacco,1144
MARIELinBOSTON,DisparatePost,1145
pamatluing,piarais91,1146
CitzAbroad4Bern,NationalNurses,1147
Suma4720,NicholsUprising,1148
OnsightIT,WPJohnWagner,1149
MalyndaNyc,2016bethechange,1150
jasonizumiKona,novenator,1151
ThatJeffPippen,BernieSanders,1152
koontz205,ElizLanders,1153
boomerforbernie,4anniereilly,1154
TheJasonCarney,manderz_mky,1155
coolepairc,YvetteBWilliams,1156
mizladyjayne,BernieBrigade,1157
shanilsam,NBCNews,1158
damonmiller76,ProfoundGod,1159
Memnoch30,BernieSanders,1160
yourltldogtoo,MotherJones,1161
SophieInCT,JM_Ashby,1162
honey_of_life,Independent,1163
A_Filter,novaramedia,1164
TheJasonCarney,ireneberns,1165
abc13houston,GMA,1166
KPalmer433,TheAtlantic,1167
EvelynMuston,VIralBuzzNewss,1168
Mlmetzger11,EricBoehlert,1169
LisaRyall2,VIralBuzzNewss,1170
ZolofireDawnsi1,NewsBreaksLive,1171
TheIanTensity,CoolestLifeHack,1172
_alexgiglio_,yllennodmas,1173
wavesofeuphoria,ldbrillante,1174
mckeangun,polandmary21,1175
PotPolitics,dollyp724,1176
AmazingSOP1,AmazonTraveler,1177
sarablues624,RyanHeathAdams,1178
takinyera,MotherJones,1179
LeahGodfrey10,VIralBuzzNewss,1180
Johnjacobvoss,JohnJHarwood,1181
USA4Bernie,ArabsForBernie,1182
HollandforBern,GerrishLisa,1183
LongtonMiranda,VIralBuzzNewss,1184
BLACKFLAGchi,jujubee_84,1185
alanmaddison20,AndrewJFoote,1186
andrew__schacht,nattiemyers,1187
jadewalkerr21,IamAkademiks,1188
soccermomfrvr,thehill,1189
Paul4better,foxandfriends,1190
Suma4720,NicholsUprising,1191
giantleap1830,OrangeNBluBlood,1192
Hlandeast,owillis,1193
timeislaos,thegarance,1194
MAPSTER5500,sandyknauer,1195
shanilsam,MSNBC,1196
faith_deering,VIralBuzzNewss,1197
fonda_mae,blubarycroc,1198
maynon2013,Independent,1199
LiveseyCindy,VIralBuzzNewss,1200
Jonny_Hinic,BernieSanders,1201
sikalicious1,owillis,1202
_Parrax7,FalesteenPrince,1203
sunkist111,TheBernReport,1204
reree20121,politico,1205
marti431uew,blubarycroc,1206
Onusspears,NewyorkWeissman,1207
MeeraSeshadri,Independent,1208
Jan_daCosta,HillaryClinton,1209
StephenFitzge13,Women4Bernie,1210
Mustapha_Itani,Independent,1211
docwindprod,paladinette,1212
wavesofeuphoria,Latinos4Bernie,1213
HeckFurry,eevee,1214
CourtenayEliza,VIralBuzzNewss,1215
k_stewart84,steve0423,1216
gritsandeggs1,steve0423,1217
mizladyjayne,Latinos4Bernie,1218
innatevalue,BernieSanders,1219
Erentals,Independent,1220
donnalashe,jrmadmen,1221
thenerdfm,BernieSanders,1222
_shukura_,HillaryClinton,1223
MiyagawaTakaha6,CNN,1224
attorney22330,Women4Bernie,1225
docwindprod,tthomaslew76,1226
1273patty,HuffingtonPost,1227
Chaching466,KailiJoy,1228
caralinaxo,BernieSanders,1229
BlueEASM,JamilSmith,1230
MR_Villarreal_,CitizenCohn,1231
BernieTweetArmy,BrosForBernie,1232
EvelynOlingwor1,VIralBuzzNewss,1233
No1CookieLady,judithadkins20,1234
jstockbridge1,Independent,1235
AgamawormKarana,NewsBreaksLive,1236
BrainSato,Independent,1237
BLACKFLAGchi,ZaidJilani,1238
Cindykellner1,meetthepress,1239
CamelotGypsy,NicholsUprising,1240
Moon___Sister,prof_taxi,1241
sbandr_,IamAkademiks,1242
trvlfearlesysl,DJ_CURFEW,1243
SomeKindaBoogin,OrkBrand,1244
fondaconley14,BrosForBernie,1245
ron_fournier,ChadLivengood,1246
shanilsam,ninaturner,1247
HufireTumeena,Drudge_Report_,1248
climaticclimax,sugi_moira,1249
Sandee9378,sandyknauer,1250
JJohnsonD48,NBCNews,1251
AmcottsJune,VIralBuzzNewss,1252
tennismom67,steve0423,1253
LoriBrome,VIralBuzzNewss,1254
MalinsAndrea,VIralBuzzNewss,1255
andew_h,YahBoyAang,1256
RLAlgadi,TAW3333,1257
LouiseF99203920,VIralBuzzNewss,1258
TheJasonCarney,virginia4bernie,1259
GAAnnieLonden,PatDollard,1260
LorraineMaydes2,VIralBuzzNewss,1261
__Pete__33,FreeBeacon,1262
aubrynathome,thehill,1263
SlubertFri,wtfnewsamerica,1264
AramOcean,steve0423,1265
Charlemagneiii,CoolestLifeHack,1266
DaleF3,RT_America,1267
Bros4Hillary,BradS_80,1268
Cindykellner1,NBCNews,1269
Sandee9378,owillis,1270
TheJasonCarney,TNWomen4Bernie,1271
Moon___Sister,Ag2Az,1272
FaithFelbrigg,VIralBuzzNewss,1273
lumbard_bertha,VIralBuzzNewss,1274
TheChimpyMan,eevee,1275
BLACKFLAGchi,MSNBC,1276
AyooStasia,IamAkademiks,1277
SbrownTexan,davidsirota,1278
poseyslauren,sighhboy,1279
baroqueartisan,DrGupto,1280
ZTCiasrg,DJ_CURFEW,1281
girlbakespies,HillaryClinton,1282
sharynski,JillFilipovic,1283
StafBettridge,Independent,1284
Hirecars_co_uk,Independent,1285
syracusedaily,WRVOnews,1286
firebrand54,davidjones720,1287
C_Hunter94,Independent,1288
darrenjdouglas,Independent,1289
danivarghese047,NBCNews,1290
mmurraypolitics,thegarance,1291
PotPolitics,TinaMorphis,1292
wavesofeuphoria,AngrySenSanders,1293
SeanConnolly67,Independent,1294
Moon___Sister,Ahodgelton,1295
johnnyprofane1,YvetteBWilliams,1296
Gcurry25,CNN,1297
jbest8907,TheBpDShow,1298
NewyorkWeissman,Brains4Bern,1299
soccermomfrvr,The47ers,1300
MalsterRita,VIralBuzzNewss,1301
StacySmuikys,BernieSanders,1302
BrandiOsborne71,CCPAC4Cruz,1303
LucyBar27424755,VIralBuzzNewss,1304
benedictpringle,Campaignmag,1305
CitizenChump,steve0423,1306
tooldtobehere,brianefallon,1307
ciaogirl9,captaindoodle,1308
SharpHDYT,BernieSanders,1309
fetusesfortrump,Sadieisonfire,1310
wolfeprowler1,ninaturner,1311
SeanConnolly67,InniuSaStair,1312
DawgsForBernie,HillaryClinton,1313
jcesare2005,GMA,1314
meetnpatatas,NicholsUprising,1315
pferal,TinaMorphis,1316
dualkoondog,OrkBrand,1317
hnrwbell,piarais91,1318
DorisHorsey,VIralBuzzNewss,1319
SansaRising,TheTadDaley,1320
MolemanCurray,YahBoyAang,1321
DefyThem,julito77,1322
Awgjohn,coloradorebecca,1323
farzinkhadem,Languagebandit,1324
VegasJte,DJ_CURFEW,1325
bombsfall,bran_dj,1326
SLFife,TIME,1327
MorluwieldG,NewsBreaksLive,1328
fuller_derek,kujo71,1329
libertad717,TIME,1330
ArchieM00re,BernieSanders,1331
ProgressiveInga,brianefallon,1332
Ritter77,Morning_Joe,1333
artanc,Independent,1334
mhmmdbnzk,historicalenemy,1335
BookstoreMemoir,mmurraypolitics,1336
soccermomfrvr,ClaudiaKoerner,1337
MargaretFrevil2,VIralBuzzNewss,1338
NoonzzJ,BernieSanders,1339
MargieParrett,VIralBuzzNewss,1340
theRealBethAnn,JGreenDC,1341
Bushido61,DavidKenner,1342
dualkoondog,OrkBrand,1343
MargaretSalton1,VIralBuzzNewss,1344
Eca_Si_Tangkad,CoolestLifeHack,1345
Genea_Logical,NBCNews,1346
UriLF,YAppelbaum,1347
frodofied,tomwatson,1348
MarilynHakebou1,VIralBuzzNewss,1349
Mlmetzger11,CitizensFedUp,1350
fonda_mae,brianefallon,1351
LawrenceTungatt,Independent,1352
wolfeprowler1,KimMarkou,1353
MandySp42253188,VIralBuzzNewss,1354
lucysindhu,MotherJones,1355
Suma4720,DrGupto,1356
IrwinJames327,PoliticoScott,1357
TheMisterPool,TheXclass,1358
ZKonketsuji,Bernie_Facts,1359
Parksani12,StockTalkTV,1360
anaresafo,desdemanhattan,1361
GodandtheBear,TheTadDaley,1362
1Earth1Sea1Sky,AARPadvocates,1363
LennaLeprena,Libertea2012,1364
gtfountain,JohnJHarwood,1365
NewyorkWeissman,ldbrillante,1366
racinginit,v_verite,1367
wolfeprowler1,NicholsUprising,1368
timsee,trevortimm,1369
SansaRising,SusanStopsongs,1370
PoliticsUSTD,PoliticoScott,1371
nani_booboo,paladinette,1372
MarilynSaintjo1,VIralBuzzNewss,1373
gtfountain,JohnJHarwood,1374
ChickieVurch,NahBabyNah,1375
vivigold197,grandmahannah,1376
Elle_Che,Independent,1377
vlubatkin,AP_Politics,1378
OghmariGurdin,Drudge_Report_,1379
WhittingtonGle1,NBCNews,1380
SelvageMedia,mmurraypolitics,1381
KenFrantz1,BernieSanders,1382
Geemeis,GeffGefferson1,1383
siderealization,CoreyRobin,1384
RPaulsson,NBCNews,1385
ghocrusher,NewsBreaksLive,1386
MalyndaNyc,fawndofyou,1387
_tregarro,deliasalcido,1388
ellerich17,PoliticoScott,1389
FelbriggKate,VIralBuzzNewss,1390
Cooking4Bernie,SbrownTexan,1391
FoL2009,brianefallon,1392
_Susan,insanityreport,1393
bephil87,TweetingYarnie,1394
Kenny1918,tomwatson,1395
marion_wymer,VIralBuzzNewss,1396
Mlmetzger11,tomwatson,1397
SaucedUpSTOKES,IamAkademiks,1398
AmazingSOP1,EricBoehlert,1399
gsalsgiver,bernies_music,1400
lifebyjpierce,HillaryClinton,1401
MonkillaIII,IamAkademiks,1402
MarthaBoville,VIralBuzzNewss,1403
wcgirl1,2tocomon,1404
amandabenitez98,MashableNews,1405
equilibrium1986,TIME,1406
AmyEverdon,VIralBuzzNewss,1407
trekkerteach12,wsejour,1408
FionaSampson2,VIralBuzzNewss,1409
Magnus0Pus,Salon,1410
PaulnBaberDems,duende_chingon,1411
kujo71,BernieOrBust16,1412
SierraStromwick,sighhboy,1413
RLAlgadi,CindyLeinwand12,1414
mel_hewson,Independent,1415
jan_goran,RyanHeathAdams,1416
_Susan,insanityreport,1417
Magnus0Pus,BernieSanders,1418
Kenny1918,frodofied,1419
siderealization,HartmanAndrew,1420
PaulnBaberDems,NicholsUprising,1421
Arianna8927,SethAMandel,1422
Yoshiii343,eevee,1423
melissa_isley,VIralBuzzNewss,1424
PoltReal2014,TweetingYarnie,1425
Kenny1918,frodofied,1426
GAPoliticsNews,politicalinsidr,1427
FienleyBetty,VIralBuzzNewss,1428
sweetgreatmom,Bernie_Facts,1429
DFLprogressives,novenator,1430
__SAAMIRA,TheAffinityMag,1431
sueG5123,NBCNews,1432
hrhsar,Lawsonbulk,1433
cheerstoyoutoo1,JerisMcIntyre,1434
MirandaHolt20,VIralBuzzNewss,1435
jjtarantino,YvetteBWilliams,1436
_khlwxi_,DJ_CURFEW,1437
LivingLoving314,ciaogirl9,1438
baroqueartisan,nitdelluna,1439
ro12Miguel,IamAkademiks,1440
LivingLoving314,captaindoodle,1441
AndresSastre,CNN,1442
jjtarantino,BernieSanders,1443
bephil87,KimMarkou,1444
LeoMo90,caramelputa,1445
NYTNarrative,edgeoforever,1446
zagal182,eldiarioes,1447
kujo71,EclecticMommaZ,1448
FoddLara,VIralBuzzNewss,1449
siderealization,karpmj,1450
sockdrawerhero,NumbersMuncher,1451
Katy_P1959,AndrewJFoote,1452
grylxndr,YAppelbaum,1453
wiccka,caioblinder,1454
femfowl,BernieSanders,1455
Integrity_Plz,davidsirota,1456
Shabbosgoy,PoliticoScott,1457
acobasi,tylercreighton,1458
mrv911,MyHumanCompass,1459
Brookes641,MSNBC,1460
KevinMurphyDJ,TheWeek,1461
LeChatNoire4,Only4RM,1462
srijanapiya17,Independent,1463
benjamin__bland,joncstone,1464
sister6c,NBCNews,1465
laurapoulter,TIME,1466
takinyera,MSNBC,1467
dickhustler98,NumbersMuncher,1468
nitdelluna,WPJohnWagner,1469
spock4444,BernieSanders,1470
MonaNeadel,StrayYellarDawg,1471
IndyPolitics,Independent,1472
StarCoreOne02,JammieWF,1473
JeanneFischer33,KelliSmith15,1474
Kenny1918,owillis,1475
FultonLiz1,socallks,1476
JaredDeanGrace,MarkSKrikorian,1477
TheRickWilson,JammieWF,1478
mwaze,Stcrow,1479
jayabacus,apppro1,1480
SO_CAL_BORN91,Brains4Bern,1481
PenTherapee,BlackInformant,1482
sockdrawerhero,YvetteBWilliams,1483
andrew_kout,BernieSanders,1484
SEXSTROLOGY,CNN,1485
Vote4Mayor2019,ChadLivengood,1486
JanBontje,BernieSanders,1487
jens_goos,Independent,1488
EdEddieknowles2,Independent,1489
OnsightIT,WPJohnWagner,1490
nani_booboo,NewApproachPAC,1491
FultonLiz1,KirklandReader,1492
marobella3,DJ_CURFEW,1493
bephil87,ArabsForBernie,1494
DavidSeawright,mmeyerstpc,1495
nickdimorohere,BernieSanders,1496
zotajek,Libertea2012,1497
DuncombeMiranda,VIralBuzzNewss,1498
amy__hawley,HillaryClinton,1499
PenTherapee,BlackInformant,1500
NikkiColmer,VIralBuzzNewss,1501
StudioInCabot,thehill,1502
NewdegateSharon,VIralBuzzNewss,1503
MonaNeadel,tomwatson,1504
willyloman1,akahnnyc,1505
just_j_day,TheSinnedAngel,1506
jjtarantino,davidsirota,1507
mehmetkugu,BernieSanders,1508
HeadcACE1906,babyitsmb,1509
Kenny1918,EricBoehlert,1510
No1CookieLady,nitdelluna,1511
KoriWasinger,RyanHeathAdams,1512
jonathanoosting,ChadLivengood,1513
BernieTeachers,CNN,1514
NorburyDiana,VIralBuzzNewss,1515
V2theS,EricBoehlert,1516
dawsonjmb,baseballot,1517
nanblunt,sandyknauer,1518
PatChap90744937,VIralBuzzNewss,1519
DFLprogressives,BillMoyersHQ,1520
LarrynCosmo,d_rc__,1521
just_j_day,YvetteBWilliams,1522
greggo1685,GerrishLisa,1523
elinakolla,Independent,1524
ErikaQuintin,VIralBuzzNewss,1525
mglessman,steve0423,1526
mlrich4,JillFilipovic,1527
shanilsam,BernieSanders,1528
TunosBludscar,NewsBreaksLive,1529
BernieOrBust16,BernieSanders,1530
AnnaDagworth,VIralBuzzNewss,1531
goring_sue,VIralBuzzNewss,1532
FaithWotton,VIralBuzzNewss,1533
DaleF3,BeTheBern,1534
GloriaHansart,VIralBuzzNewss,1535
AmazingSOP1,DadHillary,1536
bephil87,BrosForBernie,1537
13wam,KelliSmith15,1538
ohyougatherer,RaniaKhalek,1539
GrenefeldJulia,VIralBuzzNewss,1540
schneidercathy1,PikettyLeMonde,1541
docwindprod,GerrishLisa,1542
mosshillmama,AARPadvocates,1543
oledi45,Convertbond,1544
cocobluesky,GCM_2016,1545
DaleF3,Brains4Bern,1546
dcjam27,AARPadvocates,1547
USJeffersonianA,FreeBeacon,1548
EqualityRising_,Robin182zz,1549
SR_utrikes,agnetafurvik,1550
udontknostevo,TIME,1551
kitto1975,resnikoff,1552
GraftonJudith,VIralBuzzNewss,1553
lindamama02,iLoveLaurynHill,1554
PWM62,mgd4161,1555
EastMedMonitor,SocialWiz,1556
AlisaandBernie,BernieSanders,1557
TexAU96,Bernie_Facts,1558
TheXclass,ShannonInVegas,1559
nitdelluna,YvetteBWilliams,1560
joanmjoanh,HarryGodwinson,1561
HowardHuge1,foxandfriends,1562
CherokeeNative3,HillarysMen,1563
DaleF3,Shizzletheland,1564
BloombergTVInd,_rajkumarray,1565
kathietran_,_michelleson,1566
tommorrison950,evilsax,1567
girlbakespies,TheBriefing2016,1568
mebeanbag,NicholsUprising,1569
JamerJen,CitizenCohn,1570
PotPolitics,polandmary21,1571
GrahamKHarper,KStreetHipster,1572
Trusting34,DailyMail,1573
HammerFiona,VIralBuzzNewss,1574
NewyorkWeissman,Politicaltwain1,1575
baroqueartisan,TheWisdomOfJack,1576
NitaLowrey,TheBrkNews,1577
PatriciaBrauns1,VIralBuzzNewss,1578
Memnoch30,BernieSanders,1579
carrieinco,HillaryClinton,1580
2016bethechange,Brains4Bern,1581
dfndtWIB,DJ_CURFEW,1582
HelgiSven,BernieSanders,1583
savvie54,EclecticMommaZ,1584
DaleF3,DadsForBernie,1585
JenniferBoaz,dlb703,1586
Memnoch30,JohnFetterman,1587
Jschoonie52,Sadieisonfire,1588
Knichs_,Libertea2012,1589
globalhoax12,dlb703,1590
FranPelayo,BernieSanders,1591
HelgiSven,NBCLatino,1592
ormedesmarais,Bernie2016_PRES,1593
Tharparion,_metafizik,1594
lindamama02,WriterRickie,1595
CarlaRK3,Osmanaman3,1596
julynewmoon,NationalNurses,1597
HarpedenMelissa,VIralBuzzNewss,1598
Tharparion,_metafizik,1599
_laurenpn_,sambw_24,1600
jobrownbluesky,BernieSanders,1601
wookie28560,people4bern,1602
1273patty,CNNPolitics,1603
NewyorkWeissman,People4Bernie,1604
raygibbs1,Drudge_Report_,1605
GeraBaldini,MuuMuse,1606
naveenchenna,Women4Bernie,1607
j_lajara,BernieOrBust16,1608
1273patty,FoxNews,1609
CherokeeNative3,mill09,1610
NaatWilliams,Independent,1611
DestinoTobias,CoolestLifeHack,1612
pauldelaney2012,AineCarson1,1613
bad_robot_57,DailyMail,1614
arlyngtondoesSM,CNN,1615
tooldtobehere,JillFilipovic,1616
LayDaye,MalcolmXNetwork,1617
SMArikat,Salon,1618
JDavis1007,sarabi86,1619
DaleF3,dropdadgorgeous,1620
PerchehaySandy,VIralBuzzNewss,1621
AnnaWar49746222,VIralBuzzNewss,1622
AshM_S1,Clapp2013,1623
Chaching466,RussOnPolitics,1624
Memnoch30,BernieSanders,1625
EveryoneIn,Robin182zz,1626
andrewariley,RaniaKhalek,1627
StrayYellarDawg,Only4RM,1628
RhodaJA,johngramlich,1629
green_chemical,muckrakery,1630
KatieHart84,JillFilipovic,1631
numberedsoul,Languagebandit,1632
DadHillary,docdebags,1633
2016bethechange,Brains4Bern,1634
kalpanik_,_rajkumarray,1635
NBilbr,WESH,1636
Rich_Nelewl,DJ_CURFEW,1637
ejcohan,DadHillary,1638
prelives51,jjauthor,1639
DaleF3,nitdelluna,1640
JeanetteJing,plbds,1641
MR_Villarreal_,BernieSanders,1642
ladydreamspeed,BernieSanders,1643
KeithTT1,quirkyme,1644
naveenchenna,BrosForBernie,1645
shanilsam,BernieSanders,1646
c_yancey28,graham_hawkes69,1647
QGotNoRings,ZaidJilani,1648
gotiskaklubben,janhaellgren,1649
NewyorkWeissman,fw4bernie,1650
lindamama02,Libertea2012,1651
JDavis1007,CNN,1652
AppSame,angelathomas22,1653
tommorrison950,insanityreport,1654
_Julio_Caesar,Residente,1655
Strauch_Inc,IamAkademiks,1656
JesseWilcox12,YahBoyAang,1657
Truthdoxxer,JGreenDC,1658
Chaching466,kimfrederi,1659
ksandjc02,thehill,1660
_Murphy5Law,sarabi86,1661
JerryLMaine,ryanlcooper,1662
JackieC1989,BillMoyersHQ,1663
FitzralphJean,VIralBuzzNewss,1664
naveenchenna,NumbersMuncher,1665
HatcliffKelly,VIralBuzzNewss,1666
bephil87,EclecticMommaZ,1667
jamesbaker,BernieSanders,1668
IngerMarieShe,plbds,1669
HayleyLatham2,VIralBuzzNewss,1670
4AllSoulKind,BerniesHomie,1671
docwindprod,TODAYshow,1672
JackieC1989,novenator,1673
sadhydra,KyleKulinski,1674
mradul0407,Bernie_Facts,1675
myfreeweb,eevee,1676
torapocodan,Independent,1677
PattiBerry31666,DailyMail,1678
docwindprod,paladinette,1679
naveenchenna,DeckDecktor,1680
mebeanbag,d_rc__,1681
wealthywayz,SteveForbesCEO,1682
kennylbelvin,plbds,1683
Skeptical_Lady,plbds,1684
_HeavyP,IamAkademiks,1685
docwindprod,PWM62,1686
koontz205,kasie,1687
mradul0407,Independent,1688
shadz6ty6,TraviesoDniel,1689
Donan13Dron,Binet7007,1690
tisudiqaput,buylandonline,1691
PettitVanessa,VIralBuzzNewss,1692
YSilverdora,NewsBreaksLive,1693
_sanders___,MC_RaidersBBall,1694
shanilsam,FortuneMagazine,1695
docwindprod,Women4Bernie,1696
PriscillaOutla1,VIralBuzzNewss,1697
duff91,AineCarson1,1698
swiffydk,maggieNYT,1699
shadz6ty6,TraviesoDniel,1700
baroqueartisan,BernieOrBust16,1701
docwindprod,TheWeek,1702
RondelCarmen,VIralBuzzNewss,1703
TomDaviesIND,BrianSlodysko,1704
BurindisKazius,Drudge_Report_,1705
naveenchenna,YeaYouRite,1706
CamelotGypsy,FreeBeacon,1707
omgwtfbrb1min,AndrewCicchetti,1708
thewonderfulH,Independent,1709
RachelThorpe10,VIralBuzzNewss,1710
HigdenSharon,VIralBuzzNewss,1711
AnnetteGoodrin1,VIralBuzzNewss,1712
_maryhshultz,NewDay,1713
GabeBenincasa,GuerrillaDems,1714
timbiglercpp,FreeBeacon,1715
progressive4u2,JanetMenke,1716
Delaneyisdeath,jcharbonneau,1717
ChrisTMarsden,iLoveLaurynHill,1718
terri_georgia,JoaquinCastrotx,1719
shanilsam,MoveOn,1720
CourtneyLMunn,pollreport,1721
HeydonMelanie,VIralBuzzNewss,1722
omgwtfbrb1min,Katlaya,1723
haddock_hayley,VIralBuzzNewss,1724
AlisaandBernie,BernieSanders,1725
DonaldTramp45,dlb703,1726
ohSAMah,saponicheryl,1727
FWSJ1,MSNBC,1728
CHroisin98,piarais91,1729
deno803_mary,NBCNews,1730
SophieInCT,John_Mehaffey,1731
baroqueartisan,2016bethechange,1732
terri_georgia,LatPoliticalAve,1733
naveenchenna,bernieforbernie,1734
Gonzalo__Flores,IamAkademiks,1735
CamelotGypsy,CitzAbroad4Bern,1736
JackWarner16,expatina,1737
MichaelGrande4,PuestoLoco,1738
fergusonkeith,JeremyCorbyn4PM,1739
SophieInCT,Bill_Lenner,1740
BarryBasden,clompthestrong,1741
HelenaGibbs12,VIralBuzzNewss,1742
koontz205,WhirlwindWisdom,1743
BluntPowered,Independent,1744
BigLdaGod,frankthorpNBC,1745
4rkain3,eevee,1746
shanilsam,Bernlennials,1747
vickyu19,TheAdvocateMag,1748
fuzzfoster,Independent,1749
thiaguri,plbds,1750
DoscarTubearer,Drudge_Report_,1751
markobroin,Independent,1752
Donan13Dron,Binet7007,1753
UniteBlueMN,BillMoyersHQ,1754
fonda_mae,JillFilipovic,1755
paulsharp_,bpolitics,1756
mrsgordon586,OWS_ellie,1757
HorneboltHris,VIralBuzzNewss,1758
UniteBlueMN,novenator,1759
FlyingPeanuts,thegarance,1760
KellyNan316,williamsweapon,1761
glendastout,polandmary21,1762
SFGiantsMissy,SheWinsWeWin,1763
hypocrazy104,CatherineDong,1764
emarceg,USATODAY,1765
thethirdWisemen,insanityreport,1766
naveenchenna,ninaturner,1767
HolseyJade,VIralBuzzNewss,1768
Genea_Logical,NBCNews,1769
the_fire_berns,MrDatare,1770
robinsnewswire,sumdumnut,1771
terri_georgia,fvdlfvdl,1772
Doramary,JSavoly,1773
drk0phyr,NoirMJ,1774
2016bethechange,morgandrose,1775
HandelShaine,CNNPolitics,1776
businesdan,frankthorpNBC,1777
salinasdeoro,CNNPolitics,1778
ralphb47,tomwatson,1779
CWomensHub,bpolitics,1780
ladybug0501,dropdadgorgeous,1781
Deshraga,_rajkumarray,1782
Comanchegyrl,CharlesMunn1,1783
janetislight,2016bethechange,1784
ShantnaHRW,Drudge_Report_,1785
ArdallCandice,VIralBuzzNewss,1786
BJPsez,ladyboomernyc,1787
VermontLoverUSA,relator_joseph,1788
ralphb47,frodofied,1789
Leichtskorpion,Morning_Joe,1790
LizWFB,continetti,1791
terri_georgia,JManning1727,1792
william4manu,MotherJones,1793
SaraSarahlaBar3,VIralBuzzNewss,1794
ScarcliffAudrey,VIralBuzzNewss,1795
omgwtfbrb1min,ninaturner,1796
22C0in,NBCNews,1797
Memnoch30,AARPadvocates,1798
AwakeDeborah,DailyMail,1799
britneyortizwat,Sadieisonfire,1800
ignoralen,ConnerPrachyl,1801
Tharparion,_metafizik,1802
ShipwashAmy,VIralBuzzNewss,1803
CarlaRK3,CitzAbroad4Bern,1804
jmcbrd5,foxandfriends,1805
rocketgirl3914,BernieSanders,1806
terri_georgia,JoaquinCastrotx,1807
marchionorr,Lee_in_Iowa,1808
Rokpelnis,Independent,1809
ndgc12dx,DailyMail,1810
Grubiak_,HillaryClinton,1811
pesky62235,Bakari_Sellers,1812
StephenFitzge13,Politicaltwain1,1813
defnegirlfriend,cliiffordasf,1814
GibbsKnotts,PoliticoScott,1815
hannon_22,colesprouse,1816
DeePort28,GoldWolf0606,1817
Hughkubota,TheRightImageLV,1818
HONOOOOOR,CultureShlock,1819
ShirleyBewley,VIralBuzzNewss,1820
leahmccluskey_,IndyUSA,1821
JJManring,razzberry1947,1822
keethers,SethAMandel,1823
Inimai,johngramlich,1824
Bernie_Facts,wineblue2,1825
23YearNavyVet,JoaquinCastrotx,1826
BevSalazar,2MBikers2DC,1827
MateoTorgy,PoliticoScott,1828
SkipwithBelinda,VIralBuzzNewss,1829
BrownRenville,Independent,1830
Cynwisian,BernieSanders,1831
McIvorEmily,Berlaymont,1832
SHutchinso,VIralBuzzNewss,1833
ArdallHolly,VIralBuzzNewss,1834
FinnesseTheGame,SeanyFootball,1835
_JosueRomero13,GuerrillaDems,1836
CrashnDaPlane,ErwinRommeow,1837
jrltexas1,TODAYshow,1838
Coondawg68,DailyMail,1839
ja8yum,sugi_moira,1840
MyHumanCompass,MikeAngley,1841
ouchinagirl,BRMASH58,1842
Cooking4Bernie,Shizzletheland,1843
postmoltmannian,ryanlcooper,1844
cyrusKschenck,MikeCurkov,1845
omgwtfbrb1min,bernieforbernie,1846
SportsBlogRT,DanielSoden,1847
hajernshit,IamAkademiks,1848
sosthenescosta,MiltonCapeletti,1849
Cynwisian,BernieSanders,1850
CherokeeNative3,228Years,1851
GrandmaWat,fvdlfvdl,1852
JanePhilips4,VIralBuzzNewss,1853
RicetteAmore,News24Italy,1854
Phaedrus08,JesseFFerguson,1855
mebeanbag,polandmary21,1856
FoL2009,JesseFFerguson,1857
julynewmoon,tthomaslew76,1858
indyrallen,JammieWF,1859
Crazygorgeousk,JillFilipovic,1860
reallyandrea,BernieSanders,1861
kittenkk,DailyCaller,1862
michele_ogle,IWF,1863
YourEvilRedneck,BernieSanders,1864
castrofor,WSWS_Updates,1865
drcme,BruceBartlett,1866
johnbutalsojake,NumbersMuncher,1867
GrnEyedMandy,fvdlfvdl,1868
Andreas__Nagel,ndaktuell,1869
StephenFitzge13,Libertea2012,1870
TitoTonguin,washingtonpost,1871
gamefacelee,DanielSoden,1872
Bernie_Facts,johnny3Ko,1873
sigche,tylercreighton,1874
mebeanbag,MAHAMOSA,1875
dknight716,solomongrundy6,1876
JaneGil91462158,VIralBuzzNewss,1877
TrimTram87,joncstone,1878
jasonizumiKona,BeTheBern,1879
stoke_caroline,VIralBuzzNewss,1880
1273patty,GMA,1881
StauntonJenna,VIralBuzzNewss,1882
thefarmerjones,lydiadepillis,1883
H673H,TODAYshow,1884
goltigamand,Drudge_Report_,1885
Raff19970,polandmary21,1886
JJMCCABE2,joegarofoli,1887
KelmaranAnayad1,Drudge_Report_,1888
joanmjoanh,WorldForBernie,1889
SuMejorAmiga,meetthepress,1890
JasmineCobb18,VIralBuzzNewss,1891
13m5,TIME,1892
TheMasonGuitars,Sassy__Abby,1893
mrv911,jarsthemule,1894
JanePlimmswood,VIralBuzzNewss,1895
StephenFitzge13,fw4bernie,1896
PhyddleDD,plbds,1897
angelathomas22,ouchinagirl,1898
AshenhurstJade,VIralBuzzNewss,1899
meetthepress,TODAYshow,1900
ndgc12dx,ellencarmichael,1901
SophieBarre2,VIralBuzzNewss,1902
JudyDraper7,VIralBuzzNewss,1903
docrocktex26,JoaquinCastrotx,1904
RitaDentino,AARPadvocates,1905
HambardJill,VIralBuzzNewss,1906
SylviaAshby3,VIralBuzzNewss,1907
bowen_sandra,JoyAnnReid,1908
jan_goran,loves_dandelion,1909
lnmrls,BernardChapin,1910
eliglazier,lydiadepillis,1911
rasiyah,IamAkademiks,1912
super00_,BernieSanders,1913
DadHillary,DaBearded0ne,1914
cocobluesky,BernieSanders,1915
jjtarantino,WPJohnWagner,1916
NewsdeskUS,IndyUSA,1917
KriKyloRen,MSNBC,1918
whisperwatch,TheBernReport,1919
4OrganicFood,TVineberg,1920
Bernie_Facts,GerrishLisa,1921
SCLoverUSA,frodofied,1922
KeepitWhole,lsarsour,1923
SirLicksalot201,toddstarnes,1924
jjtarantino,TheBernReport,1925
sue_letterford,VIralBuzzNewss,1926
HorwitzGabe,Gabe_Holmstrom,1927
SusanMontagu,VIralBuzzNewss,1928
wcgirl1,JJMCCABE2,1929
davidbhirsch,FreeBeacon,1930
KingBlake__,T_is_Superman,1931
JaniceRaynsford,VIralBuzzNewss,1932
JoanAnd47093382,VIralBuzzNewss,1933
jjtarantino,nypost,1934
Kauaibride,AJslackie,1935
yoallred,IamAkademiks,1936
WandaWCarpenter,angelathomas22,1937
Adampdx,lemonton,1938
GoldgrinnShalis,Drudge_Report_,1939
sadieark,Obama4More,1940
mrsgordon586,carpediem1969UI,1941
top_grafisch,TheMurdochTimes,1942
RVAREGal,CherokeeNative3,1943
shahnonsalleh,meetthepress,1944
benedictsalole,TheWisdomOfJack,1945
cdmr9816,BernieSanders,1946
LoftisTracey,Shizzletheland,1947
babwire87,_rajkumarray,1948
rx3584,johnny3Ko,1949
NiniMero1,NYMag,1950
innatevalue,MrJoeSacco,1951
CZBflo,MrJoeSacco,1952
tammy_fabian,VIralBuzzNewss,1953
nanblunt,SethAMandel,1954
terri_georgia,ClaudiaKoerner,1955
SansaRising,ND4Bernie,1956
ambivaIentIy,CassandraRules,1957
SylviaF13092383,VIralBuzzNewss,1958
mosshillmama,JohnFugelsang,1959
nitdelluna,plbds,1960
JJMCCABE2,joegarofoli,1961
1273patty,foxandfriends,1962
jaugustin9,OrangeNBluBlood,1963
TruthBlooms1,DaBearded0ne,1964
FosterElliotLtd,_rajkumarray,1965
tanya_litton,VIralBuzzNewss,1966
Zombiebirds,bpolitics,1967
sabyjams,GerrishLisa,1968
MellaSaldavia,foxandfriends,1969
ScottSdbrown,claydirtman,1970
jilkat25,TheWeek,1971
yarbroughoshea,LinzGramsCloset,1972
gmiller1952,RedRising11,1973
_RobertHoover,thehill,1974
LandLordGotti,IamAkademiks,1975
CHARACTER1974,AP_Politics,1976
Bobw2654,CNN,1977
Hlandeast,DaBearded0ne,1978
andyRoidO,MrDatare,1979
rheinrich1000,Libertea2012,1980
FoL2009,brianefallon,1981
benschmidty24,HYPEBEAST,1982
GaweaverMothris,Drudge_Report_,1983
TerriRamsey17,VIralBuzzNewss,1984
terri_georgia,TheBriefing2016,1985
aydinfidan,euronews_tr,1986
DennisNorthrup,JManning1727,1987
StopPlutocracy,Independent,1988
CitizenChump,MikeAngley,1989
AANaseer,TIME,1990
DriggersJudy,Raffi_RC,1991
KitsonTanya,VIralBuzzNewss,1992
jjtarantino,ABCPolitics,1993
rymagnusson,bran_dj,1994
COfeelsTheBern,BernieSanders,1995
Bernie_Facts,ArabsForBernie,1996
httpvanja,faveswithfaves,1997
Hoowz,Mustapha_Itani,1998
baroqueartisan,joegarofoli,1999
KathleenBerdwe1,VIralBuzzNewss,2000
lyabeer,MotherJones,2001
AskewHris,VIralBuzzNewss,2002
thegoldfarb,FreeBeacon,2003
KRansome83,Bernie_Facts,2004
Kayla_Zmayefski,IamAkademiks,2005
KottowSara,VIralBuzzNewss,2006
jaugustin9,shiloht88,2007
UptownnAce_,IamAkademiks,2008
LevesonNikki,VIralBuzzNewss,2009
naveenchenna,AndrewCicchetti,2010
laf307,LarryPotter2016,2011
causeIsaidsoyes,NewsBreaksLive,2012
MARIELinBOSTON,novenator,2013
UptonVanessa,VIralBuzzNewss,2014
jjtarantino,davidsirota,2015
DriggersJudy,lsarsour,2016
penseur76,TIME,2017
JJMCCABE2,joegarofoli,2018
robdazoe89,IamAkademiks,2019
Bernie_Facts,Independent,2020
BJPsez,Maggyw519,2021
IngerMarieShe,DailyMail,2022
__Pete__33,Katlaya,2023
lotn2635599,IanMolony,2024
KRansome83,ArabsForBernie,2025
vahnehsah420,HuffingtonPost,2026
democrapssuck,Drudge_Report_,2027
frickfrakin,TIME,2028
BayrleU,Drudge_Report_,2029
LemanLydia,VIralBuzzNewss,2030
JavyNUSA,frodofied,2031
ralpsbh,Drudge_Report_,2032
ananthshreyas,Independent,2033
ILuvHaiti,TIME,2034
nqbhrn,CoolestLifeHack,2035
baroqueartisan,JJMCCABE2,2036
jjtarantino,Joweeezy,2037
alexjs85,ryanlcooper,2038
Rock0040,TIME,2039
BallaleMaseeker,Drudge_Report_,2040
elispabeth,CitizenCohn,2041
PresSanders1,LineDrive2_Face,2042
pans44,ArabsForBernie,2043
Prufrockery,TheMurdochTimes,2044
DriggersJudy,Shizzletheland,2045
_Julian_NYC,Europe_Tweets,2046
__Pete__33,WPJohnWagner,2047
pans44,Bernie_Facts,2048
cocobluesky,NationalNurses,2049
nanblunt,JManning1727,2050
rx3584,Bernie_Facts,2051
princessrandaaa,IamAkademiks,2052
EclecticMommaZ,Women4Bernie,2053
meetnpatatas,GeeOhPees2,2054
SansaRising,CitzAbroad4Bern,2055
yesborg,HillaryClinton,2056
leech_victoria,VIralBuzzNewss,2057
MARIELinBOSTON,kuleci,2058
Campaign4Bernie,arizonasanders,2059
barbour_nancy,AARPadvocates,2060
mrsmiller1123,TIME,2061
dknight716,thehill,2062
Omegatheroyal,TIME,2063
justinmast,greenhousenyt,2064
__Pete__33,PpollingNumbers,2065
elishajames_15,sunflowerqueen6,2066
SilviaAstoria,CitizenCohn,2067
nutmeg3isme,Shakestweetz,2068
21stCentCrusade,RedRising11,2069
rollingintheAYA,BernieSanders,2070
HufireTumeena,Drudge_Report_,2071
TheCurvedGod,TIME,2072
LMaltoun,VIralBuzzNewss,2073
Campaign4Bernie,DOUBTMYPROGRESS,2074
DriggersJudy,lsarsour,2075
jjtarantino,Independent,2076
michael_epps,HillaryClinton,2077
snowbird42,JoaquinCastrotx,2078
gicapo2013,BerniesHomie,2079
LaurieBedgberry,VIralBuzzNewss,2080
amychifici,Tim_Groseclose,2081
HollyCallthorpe,VIralBuzzNewss,2082
sherylrice,BernieSanders,2083
CatherineBeason,wsejour,2084
DriggersJudy,lsarsour,2085
MARIELinBOSTON,p_staatz,2086
Coondawg68,FreeBeacon,2087
beautimiracle,LaFayJJL,2088
pans44,JJMCCABE2,2089
TXNRx,ErwinRommeow,2090
SAWHEAT1,sandyknauer,2091
william4manu,YvetteBWilliams,2092
CindyLeinwand12,ClaudiaKoerner,2093
Vote4Mayor2019,plbds,2094
1101110112,EricBoehlert,2095
FinolaAbad,OwenJones84,2096
Nexus7900,BernardChapin,2097
farzinkhadem,WilliamsJon,2098
estblshmntdave,owillis,2099
LentonAmanda,VIralBuzzNewss,2100
FoL2009,adamslily,2101
LindaUnton,VIralBuzzNewss,2102
srburris,SRJ360,2103
fonda_mae,JudiBlue883,2104
Leichtskorpion,BernieSanders,2105
Jopup1,CCPAC4Cruz,2106
alchemistmy,Independent,2107
beautimiracle,NicholsUprising,2108
bristola48,bannerite,2109
pkpastel1227,TIME,2110
mebeanbag,LoriSums,2111
colbarroosevelt,expatina,2112
DecadentDissent,_metafizik,2113
Jim_Philosopher,Independent,2114
Vote4Mayor2019,AdamWollner,2115
pans44,johnny3Ko,2116
Marcial_Britos,BernieSanders,2117
CherokeeNative3,AmazonTraveler,2118
Campaign4Bernie,BernieTeachers,2119
toddrobbinss,TIME,2120
kas_224,CoolestLifeHack,2121
LoriHam15556456,VIralBuzzNewss,2122
COfeelsTheBern,kujo71,2123
william4manu,davidsirota,2124
JulianyGuidini,meetthepress,2125
MARIELinBOSTON,p_staatz,2126
VirginiaInCal,BerningSandstrm,2127
ZKonketsuji,Independent,2128
meetnpatatas,bernreport,2129
JeffShowQ104,Q104Cleveland,2130
DaveKlucken,OlegZeltser,2131
QuoVadisGA,sheriffali,2132
SaraKropf,hmf284,2133
pans44,wineblue2,2134
La__Farfalla,Women4Bernie,2135
jmjenmoore_jen,gop_reaper,2136
Campaign4Bernie,NationalNurses,2137
Moon___Sister,Rflutist,2138
evpac,CNN,2139
Marnie_was_here,Katlaya,2140
wsejour,TheBpDShow,2141
LunaticWretch,FreeBeacon,2142
Knichs_,JeanetteJing,2143
slipcases,bannerite,2144
1273patty,GMA,2145
MARIELinBOSTON,p_staatz,2146
VirginiaInCal,BerningSandstrm,2147
ypegasus7,AARPadvocates,2148
Valente_Montes,steve0423,2149
jeddyrocks33,TIME,2150
StopPlutocracy,BernieSanders,2151
sabyjams,BernieSanders,2152
dsm_1396,TIME,2153
flowerchild1968,bayonnebernie,2154
pans44,BernieSanders,2155
AudeleyKathleen,VIralBuzzNewss,2156
skeapckop,DJ_CURFEW,2157
COfeelsTheBern,mialee_e,2158
tagchan2011,NationalNurses,2159
parvez1,eugenetsn,2160
SebastianJRusso,joeyyeo13,2161
velartrill,eevee,2162
mikeynunn2,yllennodmas,2163
cybrestrike,Ed_Samaniego,2164
j_lajara,Independent,2165
joynglp,sandyknauer,2166
pans44,Ed_Samaniego,2167
LarrynCosmo,polandmary21,2168
colbarroosevelt,KevinDarryl,2169
naveenchenna,keeton626,2170
_Julian_NYC,TheAssessorship,2171
Marcial_Britos,desdemanhattan,2172
LoftisTracey,FreeBeacon,2173
Rayh423,peddoc63,2174
Crierd,keksec__org,2175
ZKonketsuji,Bernie_Facts,2176
SEI4BS,ContraryClub,2177
QuoVadisGA,sheriffali,2178
TCuccio,phillyrich1,2179
MARIELinBOSTON,99Brett,2180
wsejour,TheBpDShow,2181
DefyThem,ABCLiz,2182
VoicesDementia,Ibelieveinberni,2183
ca09be00503d4a8,foxandfriends,2184
JamesPatMac,BarryMcColgan,2185
HaganNoeleen,RealFKNNews,2186
ayozandra_,IamAkademiks,2187
jmjenmoore_jen,munazainab,2188
1273patty,TODAYshow,2189
BillKeeler1,ABC,2190
sslyb,CherokeeNative3,2191
EdReformNowUSA,DFER_News,2192
CherokeeNative3,JM_Ashby,2193
OVERCOMER2TEN,TIME,2194
3patricksmith,phillyrich1,2195
Marnie_was_here,jaflowers2,2196
StopPlutocracy,CitizenCohn,2197
LaurenAshley087,ClaudiaKoerner,2198
ladybug0501,LaborPrez,2199
COfeelsTheBern,BernieVolunteer,2200
pans44,LineDrive2_Face,2201
LoftisTracey,Brains4Bern,2202
fonda_mae,bannerite,2203
SorenHough,YvetteBWilliams,2204
omgwtfbrb1min,Women4Bernie,2205
ZKonketsuji,wineblue2,2206
Marnie_was_here,dcexaminer,2207
ScottyRad,JillFilipovic,2208
mikesmith8026,SavageNation,2209
1stCasanovaFly,TODAYshow,2210
_LegsslikeWhoa,TIME,2211
_Almaqah,chrislhayes,2212
Marcial_Britos,jciragorri,2213
Moon___Sister,FranPelayo,2214
5756e14f4337465,torapocodan,2215
Marcial_Britos,HassNassar,2216
MARIELinBOSTON,thehill,2217
freqflyer_ck,ninaturner,2218
Swakheadhunter,BernieSanders,2219
ch1election,WSJPolitics,2220
Churchill_Tim1,munazainab,2221
5756e14f4337465,torapocodan,2222
mrsgordon586,imcindeye75,2223
LoftisTracey,BeTheBern,2224
trueblackpower,PaulEalyMooney,2225
PaulChaseJr,JJMCCABE2,2226
YICYAC,lui_jimz,2227
thejaredjewell,Sadieisonfire,2228
RupertMyers,BritishGQ,2229
5756e14f4337465,Independent,2230
PaulChaseJr,joegarofoli,2231
LovellMarilyn,VIralBuzzNewss,2232
Paul4better,FoxNews,2233
LucyLeech1,VIralBuzzNewss,2234
People4Bernie,NationalNurses,2235
WSweetecok,VIralBuzzNewss,2236
santhimariyambu,TIME,2237
AhearnTim,Drudge_Report_,2238
AdamNGuy,ArabsForBernie,2239
Moon___Sister,Bernie_Facts,2240
lnmrls,ouchinagirl,2241
1DimitriRadio,FreeBeacon,2242
helenmag,artist4ever,2243
rosiebudpisces,sanderswillwin,2244
terri_georgia,carlaakins,2245
MIamenabar,surzua_chile,2246
DFER_News,shavarjeffries,2247
thathazelkid,TIME,2248
Capitalics,BruceBartlett,2249
hum_anity,GuardianUS,2250
Moon___Sister,Independent,2251
papaNplus10,agrifoodguy,2252
goltigamand,Drudge_Report_,2253
fbonacci,NewRepublic,2254
kathyf,thegarance,2255
Vote4Mayor2019,breezydayz,2256
swirlOsquirrel,CitizenCohn,2257
brianlabradude,AineCarson1,2258
RickyRayinGA,PoliticoScott,2259
NoahCRothman,FreeBeacon,2260
theNadinek,TheAntiMedia1,2261
MichaelHuff52,CCPAC4Cruz,2262
LeftWingCracker,BernieSanders,2263
starinarusik,ABC,2264
oskaralexnder,HillaryClinton,2265
NHTeaParties,jmamoretti,2266
Memnoch30,BernieSanders,2267
Moon___Sister,paladinette,2268
MariaMotesfont,VIralBuzzNewss,2269
yungbooti,xcaseadillax,2270
ManstonSophie,VIralBuzzNewss,2271
DanielAssai,NBCNews,2272
dee3620,DRUDGE_REPORT,2273
Rogue_Beaver,FreeBeacon,2274
SEDLAW15,kgcentral,2275
raygibbs1,resnikoff,2276
liberalprick70,Salon,2277
snowbird42,JoaquinCastrotx,2278
mcgarrygirl78,JillFilipovic,2279
1stCasanovaFly,GMA,2280
rapteach4kids,TallPaul513,2281
FoxyBprince,TheMurdochTimes,2282
Campaign4Bernie,NicholsUprising,2283
SomeBlueDevilFL,DemocraticPNews,2284
Jetflye,keksec__org,2285
johnclayton_JFC,Independent,2286
raygibbs1,resnikoff,2287
KarrattiPaul,ouchinagirl,2288
dckath,thegarance,2289
KSFO560,Brian_Sussman,2290
ipena24,ClaudiaKoerner,2291
RLAlgadi,slipcases,2292
Aubs89,tomwatson,2293
AndrewsWinnipeg,fitchest,2294
Marnie_was_here,BenjySarlin,2295
SandFostcat,MikeAngley,2296
leshassel,ABC,2297
starinarusik,TIME,2298
whytaneth,polandmary21,2299
conssuck,StormyVNV,2300
KoriWasinger,SethAMandel,2301
Moon___Sister,Independent,2302
welt,clemenswergin,2303
HenryZeniewicz,mp4bernie,2304
leshassel,ABC,2305
nofixedabode,DailyMail,2306
JoeAverageGroup,polandmary21,2307
EnvyMeGreatly,IamAkademiks,2308
alicesfolly,sadydoyle,2309
a1dbb,foxandfriends,2310
howserob,sanderswillwin,2311
boldliberal,BernieSanders,2312
live_news_feed_,latimes,2313
The_Prevailer,BeTheBern,2314
jeffbb53,Libertea2012,2315
charlamanesbane,magpiewalk,2316
GabrielaNorka,ABC,2317
conssuck,ArabsForBernie,2318
HenryZeniewicz,mp4bernie,2319
terri_georgia,TheRReport,2320
myecoll,CitizenCohn,2321
jeffbb53,mjanemann,2322
Kawachi_Maru,IndyUSA,2323
SorenHough,BernieSanders,2324
rabuliz,GravityisRising,2325
helenmag,JenMichigander,2326
thelesbernian,BernieSanders,2327
wolfeprowler1,Bernie4prezclip,2328
rosiebudpisces,TIME,2329
HenryZeniewicz,mp4bernie,2330
KirkebyFaith,VIralBuzzNewss,2331
smaxxmahaffey,JoaquinCastrotx,2332
PParzival,bassomar_omy,2333
Vote4Mayor2019,Independent,2334
renmicpa,JManning1727,2335
liberalclass,HillaryClinton,2336
mjsoutherland,foxandfriends,2337
Moon___Sister,DOUBTMYPROGRESS,2338
julynewmoon,YvetteBWilliams,2339
KellyNan316,AineCarson1,2340
billgockeler,ZaidJilani,2341
BeccaMcGetrick,piarais91,2342
rosiebudpisces,Women4Bernie,2343
Royalty_Steven_,TIME,2344
Moon___Sister,DOUBTMYPROGRESS,2345
IamSoffWilliams,CulturedRuffian,2346
muntel,EclecticMommaZ,2347
Cmill140L,SquawkStreet,2348
YerboutiSheik,mattcoe36,2349
diane63h,JohnFetterman,2350
areageek,NationalNurses,2351
jleonard828,CitizenCohn,2352
mattvogt69,Sadieisonfire,2353
jvsbe,graham_hawkes69,2354
2sense2,WomenWorldNews1,2355
YaxleyPriscilla,VIralBuzzNewss,2356
mauntell_joanna,VIralBuzzNewss,2357
LondJenna,VIralBuzzNewss,2358
trotruth,PaulEalyMooney,2359
Independence94,weknowwhatsbest,2360
nutmeg3isme,SaraLang,2361
boosbazaar,DRUDGE_REPORT,2362
Moon___Sister,TheYoungTurks,2363
KNOXbroadcast,MikeSAdams,2364
BrettCharles,ClaudiaKoerner,2365
flowerchild1968,TammyKosiancic,2366
christine_cary,ABC,2367
kimscloset,BernieSanders,2368
mitchum_andrew,CNNPolitics,2369
BigCatVerbatim,NationalNurses,2370
KellyMcGaha,RealFKNNews,2371
terri_georgia,TheRReport,2372
pendulum5884,CNN,2373
HCashny,richisglorious,2374
Thoughtsnviews,dlb703,2375
Chr7st7anL,HypeCoutureMag,2376
slsgroupcorp,ABC,2377
DJ_Lena,MrJoeSacco,2378
beautimiracle,ZaidJilani,2379
Churchill_Tim1,cvh7,2380
slipcases,cayankee,2381
poohsbrana,BernieSanders,2382
jeffbb53,Libertea2012,2383
NJLOVESBERNIE,LaborPrez,2384
MoreLillian,VIralBuzzNewss,2385
1273patty,CNN,2386
MollyWaltham,VIralBuzzNewss,2387
thugznkisses,YvetteBWilliams,2388
elium2,JillFilipovic,2389
EricExtempore,Libertea2012,2390
snowsurfvt,Libertea2012,2391
lucioller,johnny3Ko,2392
skondorosi,Independent,2393
sigche,ZaidJilani,2394
MartiLynn20,StormyVNV,2395
Fraujanice1,steve0423,2396
davefan,JenMichigander,2397
Commander998381,TheYoungTurks,2398
frodofied,JoaquinCastrotx,2399
colbarroosevelt,PoliticoScott,2400
StrayYellarDawg,TIME,2401
conor_kinsella,BarryMcColgan,2402
cpr018,Sadieisonfire,2403
GovbyUs,NationalNurses,2404
NicoleCripps2,VIralBuzzNewss,2405
AmazingSOP1,JM_Ashby,2406
frodofied,Allen_Clifton,2407
Cooking4Bernie,MxJ7,2408
LaneThomaHewitt,Independent,2409
stinaa1982,JJMCCABE2,2410
__AJBADASS,IamAkademiks,2411
ImposterKANEWWE,WWEZeb,2412
JesseDrucker,the_intercept,2413
AModelsMom2011,JSavoly,2414
1stCasanovaFly,ABC,2415
luzzattix,ABC,2416
joseph_carangi,mp4bernie,2417
zazahan1,ArabsForBernie,2418
LamarGray_3,SeanyFootball,2419
DarrylVestal,CCPAC4Cruz,2420
MossTMC,Independent,2421
juiciosito,Libertea2012,2422
GaweaverMothris,NewsBreaksLive,2423
NorburyDorothy,VIralBuzzNewss,2424
lnmrls,BossClaw,2425
SeaDimon,DRUDGE_REPORT,2426
wyndovelh,DrugPolRefoRRm,2427
isaperch,diplo,2428
michaelallenmar,cogitator99,2429
TAW3333,mr_viper69,2430
ImposterKANEWWE,WWEZeb,2431
PranethSasankaJ,CulturedRuffian,2432
jwanj,intlspectator,2433
stinaa1982,Bernie_Facts,2434
thelesbernian,BernieSanders,2435
samy45,ABC,2436
oisinlunny,ggreenwald,2437
omgwtfbrb1min,BernieSanders,2438
Sylvia_Berthier,TIME,2439
KWkq7,bannerite,2440
slipcases,DenisCollette,2441
remorphabeing,PpollingNumbers,2442
theNewsfox,ggreenwald,2443
DymondindaScruf,TIME,2444
BookstoreMemoir,QuinnipiacPoll,2445
kozak_timothy,ggreenwald,2446
ChrysTrenary,CornelWest,2447
l4m3r,JamesYKwak,2448
ralphb47,theonlyadult,2449
historianess,ggreenwald,2450
terri_georgia,TheRReport,2451
pans44,plbds,2452
thelesbernian,BernieSanders,2453
Commander998381,MSNBC,2454
JahangirSartaj,TIME,2455
thelesbernian,BernieSanders,2456
ImposterKANEWWE,WWEZeb,2457
donaldbroom,Accurate_News9,2458
WannaBeLikMike,brianefallon,2459
docwindprod,People4Bernie,2460
WadeChapman15,ggreenwald,2461
Bernie_Facts,lloydus,2462
IngerMarieShe,BernieSanders,2463
__Pete__33,people4bern,2464
conssuck,Bernie_Facts,2465
Commander998381,paladinette,2466
cfcpac,kateegillette,2467
danielgary,HumanCompiler,2468
stldavis,ggreenwald,2469
StuartWShulman,ggreenwald,2470
CJCA915,leftsidestoryUS,2471
krtnpdl,ABC,2472
Raywoolford,DOUBTMYPROGRESS,2473
rashidaldosari,CNN,2474
wafflejuice,insanityreport,2475
CarlaRK3,MrJoeSacco,2476
mercier_mike,DailyMail,2477
DonMcDowell,ABC,2478
zboka,ggreenwald,2479
JarrelGTV,IamAkademiks,2480
PlurntReyes,diplo,2481
apexartsgallery,NewsBreaksLive,2482
GerardoWadud,NewsBreaksLive,2483
RMagomet,NewsBreaksLive,2484
evanferdinand2,NewsBreaksLive,2485
CeesLochlainn,NewsBreaksLive,2486
RashaRonina,NewsBreaksLive,2487
OmarBaggili,ggreenwald,2488
HiteshRaj97,NewsBreaksLive,2489
sophster145,graham_hawkes69,2490
SamoilAlmiro,NewsBreaksLive,2491
MaximinoHevel,NewsBreaksLive,2492
AllenIsidro102,NewsBreaksLive,2493
King_Nikusha_,NewsBreaksLive,2494
BLACKFLAGchi,JeanetteJing,2495
vivian_terry,PaulEalyMooney,2496
marti431uew,Only4RM,2497
AlbertAnt123,NewsBreaksLive,2498
KaidenKasper,NewsBreaksLive,2499
ARolland4567,NewsBreaksLive,2500
AlexiusKevin101,NewsBreaksLive,2501
AshleeHarper18,NewsBreaksLive,2502
ohiomail,tanjuPOLITICS,2503
Helen_Aletha,NewsBreaksLive,2504
rashiglen,NewsBreaksLive,2505
ayestant,larryelder,2506
DorisHedvika,NewsBreaksLive,2507
mina_ursula,NewsBreaksLive,2508
OxanaKlara,NewsBreaksLive,2509
KyoBernadette,NewsBreaksLive,2510
DarliaBabe,NewsBreaksLive,2511
NizarShad777,NewsBreaksLive,2512
bernyenedikt101,NewsBreaksLive,2513
MilanLeopold,NewsBreaksLive,2514
ChinweGwandoya,NewsBreaksLive,2515
JoelWeidenhamer,JammieWF,2516
darrenb785,NewsBreaksLive,2517
DonnaCartera29,NewsBreaksLive,2518
CherylWoodRox,NewsBreaksLive,2519
yvonnejones978,NewsBreaksLive,2520
funnyguy7891,NewsBreaksLive,2521
annikacora721,NewsBreaksLive,2522
NeylanAndre,NewsBreaksLive,2523
JuanCarter101,NewsBreaksLive,2524
amandastevens97,NewsBreaksLive,2525
bertokdashiell9,NewsBreaksLive,2526
Commander998381,NumbersMuncher,2527
OstelerSophie,VIralBuzzNewss,2528
mrsgordon586,MAHAMOSA,2529
DenisaPreeti,NewsBreaksLive,2530
elihannelore2,NewsBreaksLive,2531
OzturkMarangoz,NewsBreaksLive,2532
PatroKristian,NewsBreaksLive,2533
EzioLaurent1,NewsBreaksLive,2534
JayDeJesus147,NewsBreaksLive,2535
KatieNaughty97,NewsBreaksLive,2536
MikeAtherton89,NewsBreaksLive,2537
StevieManuel95,NewsBreaksLive,2538
TrazieWest,NewsBreaksLive,2539
JemmaStyles225,NewsBreaksLive,2540
jacobjohns0225,NewsBreaksLive,2541
SusanneKalyna,NewsBreaksLive,2542
BJPsez,Allen_Clifton,2543
TerraMarQue,NationalNurses,2544
TEANTACLES,bran_dj,2545
DontHatePetey,TIME,2546
Irvizzy,IamAkademiks,2547
eliasisquith,resnikoff,2548
cfcpac,SAL636,2549
RLAlgadi,KelliSmith15,2550
AModelsMom2011,JSavoly,2551
YHigden,VIralBuzzNewss,2552
Auntiemels,TheRReport,2553
gicapo2013,Pb_Dirigible,2554
mcurryfelidae07,ggreenwald,2555
FrenchRedFrog,ggreenwald,2556
LouisacdPearle,_metafizik,2557
BenKarnik,IamAkademiks,2558
ParisBettsthor2,VIralBuzzNewss,2559
WomenG4Hillary,Allen_Clifton,2560
WhittingtonGle1,NBCNews,2561
TheMasonGuitars,fw4bernie,2562
mchallamlaw,AdvertisingLaw,2563
Therealfunmi,CoolestLifeHack,2564
CJCA915,NationalNurses,2565
sigche,plbds,2566
Eliza_Beth_Ann,Morning_Joe,2567
J11181882,Independent,2568
Commander998381,YeaYouRite,2569
JdeFigueiredo,ABC,2570
Hlandeast,allanbrauer,2571
GerardoWadud,NewsBreaksLive,2572
apexartsgallery,NewsBreaksLive,2573
A_N_T5,KyleKulinski,2574
RMagomet,NewsBreaksLive,2575
evanferdinand2,NewsBreaksLive,2576
CeesLochlainn,NewsBreaksLive,2577
RashaRonina,NewsBreaksLive,2578
dogmama217,davidsirota,2579
HiteshRaj97,NewsBreaksLive,2580
SamoilAlmiro,NewsBreaksLive,2581
King_Nikusha_,NewsBreaksLive,2582
MaximinoHevel,NewsBreaksLive,2583
AllenIsidro102,NewsBreaksLive,2584
AlbertAnt123,NewsBreaksLive,2585
KaidenKasper,NewsBreaksLive,2586
ARolland4567,NewsBreaksLive,2587
AshleeHarper18,NewsBreaksLive,2588
AlexiusKevin101,NewsBreaksLive,2589
grandmahannah,brianefallon,2590
Helen_Aletha,NewsBreaksLive,2591
rashiglen,NewsBreaksLive,2592
Campaign4Bernie,Iowa4Bernie,2593
PParzival,ggreenwald,2594
DorisHedvika,NewsBreaksLive,2595
KyoBernadette,NewsBreaksLive,2596
sheabrian,frodofied,2597
mina_ursula,NewsBreaksLive,2598
WByng,batm2016,2599
iamvinnyp,levanrami,2600
FriedrichHayek,Tim_Groseclose,2601
BernieTeachers,Bernie_Facts,2602
KenSnps,Drudge_Report_,2603
MilanLeopold,NewsBreaksLive,2604
OxanaKlara,NewsBreaksLive,2605
RobinMCouch,ABC,2606
NizarShad777,NewsBreaksLive,2607
DarliaBabe,NewsBreaksLive,2608
ChinweGwandoya,NewsBreaksLive,2609
bernyenedikt101,NewsBreaksLive,2610
yvonnejones978,NewsBreaksLive,2611
funnyguy7891,NewsBreaksLive,2612
DonnaCartera29,NewsBreaksLive,2613
darrenb785,NewsBreaksLive,2614
supenau,LieparDestin,2615
CherylWoodRox,NewsBreaksLive,2616
NeylanAndre,NewsBreaksLive,2617
JuanCarter101,NewsBreaksLive,2618
annikacora721,NewsBreaksLive,2619
amandastevens97,NewsBreaksLive,2620
RLAlgadi,CitizensFedUp,2621
elihannelore2,NewsBreaksLive,2622
OzturkMarangoz,NewsBreaksLive,2623
DenisaPreeti,NewsBreaksLive,2624
bertokdashiell9,NewsBreaksLive,2625
EzioLaurent1,NewsBreaksLive,2626
PatroKristian,NewsBreaksLive,2627
MikeAtherton89,NewsBreaksLive,2628
KatieNaughty97,NewsBreaksLive,2629
JayDeJesus147,NewsBreaksLive,2630
StevieManuel95,NewsBreaksLive,2631
jacobjohns0225,NewsBreaksLive,2632
SusanneKalyna,NewsBreaksLive,2633
TrazieWest,NewsBreaksLive,2634
JemmaStyles225,NewsBreaksLive,2635
cfcpac,gobenizzle,2636
Commander998381,DefiningAmerica,2637
eliasisquith,resnikoff,2638
rjber15,ggreenwald,2639
SomeBlueDevilFL,keeton626,2640