Id,Label,Followers,Lang
20400268,duff91,1282,en
1609275470,BJCollins131,2382,en
241201438,Bakari_Sellers,23476,en
47680487,SeaDimon,1913,en
16010508,areageek,77,en
92867252,SherriPizza,1413,en
477044182,ashlynshockley,1353,en
613132047,firebrand54,2092,en
473405375,SimsXclusive,484,en
4753127189,AnnaDagworth,5,en
2903513619,etsygrail,50657,en
1307899326,trueblackpower,8420,en
3540252020,RedRising11,8537,en
4905475049,YourFavLiberal,12,en
4741900995,LongtonMiranda,6,en-gb
9215822,astronautgo,146,en
3272794572,bene_dict_auman,210,en
59904613,Elle_Che,7495,en
219501960,shavarjeffries,3094,en
231129000,TroutMaskReplca,2062,en
88244158,k_mcentire,166,en
26638198,stldavis,146,en
4891148586,stream0_,35,en
4763186597,OstelerSophie,30,en-gb
35273913,DavidSeawright,1484,en
373689086,BruceBartlett,17907,en
607614048,greggo1685,35,en
1404087277,LennaLeprena,9776,en
8910722,femfowl,1049,en
1552377961,KellyMcGaha,973,en
3342277071,jeddyrocks33,89,en
40278588,KenSnps,853,en
102149124,ndstarrett,76,en
297690193,JGreenDC,8525,en
4762834907,KyoBernadette,90,en
3321635820,Therealfunmi,217,en
3852028514,TXNRx,365,en
106498703,SquawkStreet,104602,en
3269623717,Chicago4Bernie,2893,en
912993008,bairon_chavez,297,en
3233295030,dropdadgorgeous,93,en
3320557224,RyanHeathAdams,959,en
15649636,JerryLMaine,401,en
2716184392,Bernie2016_PRES,491,en
289976042,mountainkat47,742,en
3300035469,virginia4bernie,2278,en
4924244932,Michaelspolitic,13,en
4734825256,ConnieMillet2,6,en
272750261,John_Mehaffey,1256,en
4762722077,ConstanceJowch1,10,en-gb
2226035878,HypeCoutureMag,53636,fr
238160115,surzua_chile,2897,en
298856575,4nightremember,249,en
14007532,frankthorpNBC,13510,en
27198487,pamatluing,2016,en
210978450,1DimitriRadio,12179,en
3403970817,SirLicksalot201,1013,en
3223914997,SouthSeaGold,514,en
2290340035,FerrerAgnes,1642,en
343257756,GibbsKnotts,248,en
110102112,cocobluesky,3442,ja
15140589,StuartWShulman,1487,en
216123608,acobasi,1421,en
330378192,TheMurdochTimes,22816,en
757345172,AwakeDeborah,7351,en
4378260195,HaroldMargaret6,188,en
22208755,srburris,103,en
1539564943,suekhi,35382,en
842217085,jayabacus,866,en
26822709,happyloner,7875,en
147058193,Crierd,45,en
813345427,super00_,73,en
2868479584,iamTamerah,192,en
2618132900,cheerstoyoutoo1,158,en
470847932,1stCasanovaFly,167,en
492246002,StockTalkTV,1322,en
1149934915,Marnie_was_here,521,en
2896025894,DrugPolRefoRRm,6262,en
47717123,jcharbonneau,4489,en
4156527616,alphawastaken,26,en
241583780,nanblunt,1787,en
346171723,jimmywhiz,3347,en
2513343603,michele_ogle,19,en
15754281,USATODAY,2067354,en
3854080709,Brob588,239,en
1604640828,JJManring,7583,en
311531648,Ahodgelton,51,en
2984505993,SbrownTexan,273,en
4754915955,ScarcliffAudrey,43,en-gb
4650714257,SkipwithJessie,48,en
1411495284,ChrysTrenary,66,en
4756111179,LiveseyCindy,2,en-gb
3436249294,AmazingSOP1,985,en
405574801,miki_iu,187,ja
1214621646,PranethSasankaJ,193,en
857929994,johnclayton_JFC,165,en
1197597816,KeithTT1,135,en
1134857190,zboka,66,en
4764647075,LorraineMaydes2,8,en
3924259581,theRealBethAnn,1662,en
801313932,ProgressiveInga,109,en
887302440,TheRightImageLV,459,en
1328046631,LarryPotter2016,1901,en
486112997,Parksani12,12910,en
1090035818,a__xz,638,en
4764241102,MarilynHakebou1,10,en
527257919,Wickedjulia,1393,en
2863981279,Moon___Sister,671,en
4919719612,StonerdanaLafi2,5,ru
4832971145,INSANEPoliticz,81,en
43300944,SR_utrikes,6240,en
4323508757,sanderswillwin,977,en
2464963872,Haliban85,57,en
4460406316,MikeAtherton89,97,en
14123427,MystikDev,118,en
3075856310,HumanistReport,785,en
516922460,ShadowBau5,40,en
225262425,Liamislove2014,803,en
115915294,elinakolla,686,en
401015653,davidbhirsch,30,en
219952991,Samdeveson,126,en
51664893,ebalagia,809,en
209036391,TomDaviesIND,714,en
188481920,DymondindaScruf,293,en
45949259,JBELLOLEON,13138,en
4863944373,AshM_S1,54,en
19069578,justinmast,299,en
23620605,newacademic,1864,en
1937940871,luigidusmet,9,it
4753337777,JaniceRaynsford,20,en
193365375,Shakestweetz,14303,en
3069923951,polandmary21,1074,en
466319594,bjcrochet,3219,en
378520938,VerenaGlass,1755,en
3367956549,NJLOVESBERNIE,1053,en
4277624481,LaurenAshley087,169,en
22285556,venjeff,131,en
74854742,ruskaj,1605,en
449899721,star9fish,695,en
600558243,emilybaselt,376,en
2184663230,JarrelGTV,9320,en
4250285182,SherredEllen,234,en
296834171,HumphreyBohun,1008,en
3955688181,sarahv230,22,en
17499394,joegarofoli,5252,en
142740168,sandyknauer,2713,en
4528064150,bodet_arnaud,31,en
17794234,willyloman1,652,en
239223334,BIFFWARD,1279,en
116568327,OlegZeltser,13148,en
103711708,shanilsam,1655,en
4577751928,DenisaPreeti,122,en
240811365,FinolaAbad,14,en
89254416,rocketgirl3914,1887,en
77492135,JavyNUSA,169,en
326535864,__AJBADASS,712,en
14736868,LeftWingCracker,2291,en
2700946206,DefiningAmerica,4858,en
53818932,drcme,26,en
4766733263,MalsterRita,7,en-gb
224079521,trevortimm,42601,en
83398196,grantdavis32,306,en
121042274,myfreeweb,484,en
61078567,evpac,10467,en
192042674,MateoTorgy,1237,en
2874007208,CJCA915,423,en
317821968,liberalclass,157,en
4806317423,starinarusik,10,ru
232906886,lyabeer,414,en
4766886375,DonnettJessie,5,en
437389860,MSolihinM,611,en
118713637,AnaRomanik,5193,en
4757439088,MargaretFrevil2,8,en
1096721713,Notorious_Nava,2745,en
15998041,DeniseFlores,3015,en
32168059,artist4ever,1516,en
450753556,just_j_day,63,en
3390263069,AndrewsWinnipeg,189,en
3407130868,blocking_sled,24,en
2432660671,GoldenFinest1,46,en
28170270,FiveMeadows,180,en
4611371654,Arunkarthikc007,370,en
21380922,OhItsRyan,2110,en
179461986,MuradQureshiAM,3965,en
14293310,TIME,9724287,en
19212166,DenisCollette,320,fr
322002308,torapocodan,4181,ja
2900275491,sumdumnut,9,en
4859671248,mp4bernie,658,en
72211922,Languagebandit,15505,en
22697510,LarrynCosmo,1287,en
4919650156,BallaleMaseeker,6,ru
151318625,WkndGirl,2404,en
4756175177,ArdallCandice,8,en
1077970982,4AllSoulKind,312,en
378367309,ProfoundGod,15060,en
4745315602,CourtenayEliza,8,en-gb
19003991,Berlaymont,17866,en
17580892,b140tweet,30064,en
309354920,WPJohnWagner,8536,en
4578123981,EzioLaurent1,124,en
383294284,KirklandReader,2921,en
4833008920,MR_Villarreal_,76,en
4432916014,PpollingNumbers,1734,en
36451741,MrDatare,327,en
18066812,jrzygirlinfla,4287,en
61110947,PoetPeterMoney,270,en
1487944609,joanmjoanh,23,en
25163231,Convertbond,40609,en
2916567633,manderz_mky,280,en
353672532,JokeBlogger,61223,en
14517437,PaulChaseJr,868,en
2207675924,McCueNY,349,en
80196269,rugcernie,2851,en
3253532112,Politicaltwain1,1270,en
394260665,TweetingYarnie,5508,en
49040527,jbest8907,294,en
2791121294,SomeKindaBoogin,2893,en
2690281202,Info24US,19524,es
3238834748,NitaLowrey,1273,en
7825642,kathyf,1129,en
1689823724,ahanprojects,137,en
4747164377,stoke_caroline,13,en-gb
19458818,FriedrichHayek,15282,en
84959697,kgcentral,5049,en
2491964094,cyndiwanek,1849,en
16209626,stefsstuff,6984,en
1180151588,pattigandolfini,759,en
4748750122,DagworthMandy,6,en
226691309,yanita1987,61,es
3291082352,branstew,301,en
15375222,kyraOcity,5367,en
4762983496,edgerton_debbie,4,en-gb
13850422,CNNPolitics,429514,en
31093183,daimonck,132,en
4460281583,TrazieWest,107,en
2557861776,UptownnAce_,351,en
757832485,LizWFB,3650,en
902633383,Andreas__Nagel,766,de
454900582,swirlOsquirrel,1079,en
3149065176,RandalZ,220,en
4754858980,PerchehaySandy,8,en-gb
16468227,Campaignmag,133766,en
485561695,dknight716,555,en
16139470,lemonton,2894,en
221024805,SeanConnolly67,864,en
253905090,FoxyBprince,22,en
2525576654,_tregarro,541,en
2920593731,cigarilloruffo,751,en
3042277368,nattiemyers,875,en
55790584,AliceOllstein,2154,en
436244083,prelives51,1449,en
2350099799,gop_reaper,8996,en
3068003866,jeffbb53,1842,en
17634365,sadydoyle,13276,en
15693134,tomswan,275,en
4848722925,freqflyer_ck,69,en
4753252337,CarolineLivesey,12,en
7744592,TODAYshow,3361664,en
4747808475,LeahGodfrey10,4,en
37501003,RaniaKhalek,78121,en
2293759616,GuerrillaDems,118180,en
4763560576,AlexiusKevin101,92,en
2464807905,EdEddieknowles2,545,en
141122536,Swakheadhunter,3016,en
21343120,Earthangel7558,60,en
249706317,RajShah84,1096,en
227161165,donnalashe,9728,en
14931637,MattBinder,23775,en
2332626853,KimESTAqui,579,en
4762730361,RashaRonina,34,en
4763122697,YaxleyPriscilla,14,en-gb
53490475,JessicaGoldstei,2412,en
4919583448,ArirneMagemeena,5,ru
19865528,AngryVoters,36656,en
21692297,TheAdvocateMag,188657,en
406098496,CWomensHub,1404,en
463765807,Nate_Cohn,28399,en
3253781195,Alenycheva87,22,en
2370768564,MOVEprofPHD,2335,en
3427200023,wtfnewsamerica,81956,en
286408288,Onusspears,929,en
45240216,totgaways,3416,pt
883421593,CherokeeNative3,2563,en
892355978,rjames1928,5110,en
249761195,PotPolitics,1521,en
535707261,eldiarioes,494073,en
695062579073409024,BernieVolunteer,738,en
4218007017,HelgiSven,192,en
4578679173,frandunn71,80,en
378241649,jarsthemule,638,en
175171618,elispabeth,32,en
4747899928,LindaUnton,7,en-gb
32484212,coloradorebecca,10153,en
22650211,GMA,2938426,en
113423378,Nexus7900,7045,en
2781021258,SallyJupiterRA,1859,en
4533344422,apexartsgallery,77,en
2268182076,hajernshit,1704,en
222790841,MossTMC,5071,en
1083554502,John_R_Redpath,233,en
1526864863,Allen_Clifton,4679,en
4756514837,GrenefeldJulia,5,en
222188056,alexjs85,306,en
4757132489,Charlot34168986,7,en
4762551915,FelbriggKate,11,en-gb
67899097,coopah,11006,en
1558510549,JeanetteJing,9911,en
3150777746,MaryMorientes,3228,en
2971920623,CubanMom52,35,en
3199194098,MartiLynn20,1860,en
24716381,LiberalLegion,7728,en
633485518,TheAntiMedia1,30227,en
19593634,revistaforum,67609,pt
14069365,lauraolin,8002,en
2543107771,silvacristani_,121,en
632873556,sharynski,427,en
100838706,evilsax,7994,en
975029622,GRinFlorida,3736,en
3587979616,andyRoidO,86,en
16566808,insanityreport,10394,en
352549747,comefollowcath,4942,en
2741978928,cpt_fr23,632,ja
4754895388,FaithFelbrigg,6,en-gb
2414913756,LeChatNoire4,3945,en
1184211744,MonaNeadel,136,en
12470902,wafflejuice,379,en
2901014339,justStephM2,234,en
269112897,AxholetheGreat,3166,en
495602226,GGG_says,2349,en
1267982563,howserob,4243,en
2415950126,AmixedJamaican,97,en-gb
2743731783,conssuck,1567,en
21426342,donaldbroom,15951,en
77847480,2tocomon,1437,en
60115467,27Seascapes,1618,en
2553313128,thejaredjewell,358,en
14460241,WilliamsJon,44081,en
8720562,welt,781079,de
4748008162,DorothyTotthill,43,en-gb
18348760,lorandrea,22,en
2931808006,solos4242,470,en
27187343,lsarsour,47965,en
4720134192,OpalBroussard1,25,en
215582509,leahmccluskey_,475,en
292384111,Freddyeperezg,21,es
2369688244,bassomar_omy,1738,en
3311457934,MolemanCurray,298,en
1965580344,NI_Unionist,1434,en
4763132716,rashiglen,99,en
3090733766,VIralBuzzNewss,103788,en
1153011049,OrkBrand,923,en
2590218343,flannerykeck,272,en
4164309026,DrGupto,159,en
3386851396,mill09,605,en
15561759,wsejour,1507,en
3392386283,giantleap1830,68,en
60715755,wiccka,513,pt
258567881,rx3584,215,en
16370490,Jasquinn,98,en
4136701097,OrangeNBluBlood,141,en
517508268,LinkseMafklappr,522,en
711460068,ResadaTurner,5767,en
4756820787,JanePlimmswood,15,en
26775736,brianrogers99,1486,en
2802170367,YahBoyAang,105469,en
110054913,jmcclimo2003,7,en
169813810,iamnatnile,57,en
195030017,PWM62,1612,en
4703748736,Geemeis,320,en
1154774736,Raywoolford,3825,en
2284965018,Prufrockery,3186,en
877671313,ShannonInVegas,1251,en
4742704595,KottowSara,14,en
1835020626,2MBikers2DC,5103,en
29442313,SenSanders,1472499,en
71979251,SaulortegaB,450,es
1442432402,The47ers,1051,en
42332813,aldalorena,244,en
541328418,labunna,1751,en
1271084154,shiloht88,646,en
62895582,TheAssessorship,202,en
3376927462,ImmoralReport,5168,en
4049811659,EclecticMommaZ,2128,en
397725597,SportsBlogRT,5828,en
239310089,EZStadskanaal,804,nl
78423463,TrimTram87,500,en
23010592,indyrallen,11448,en
3292306583,NCForBernie,7575,en
37749235,garyschor,4087,en
294760657,petermendel,482,en
6798482,jonathanoosting,3991,en
19843008,ndgc12dx,822,en
424711177,BenJules123,108,en
4733468477,FrithCathy,5,en-gb
423755070,MattMiller67,23,en
263473924,ElizLanders,3035,en
799257301,StevePerkins14,5125,en
113897359,the__himanish,1983,en
2218635230,Cynwisian,383,en
21634627,CitizenCohn,34147,en
480900509,LoriSums,1057,en
339379326,_Murphy5Law,441,en
3369281925,LunaticWretch,1282,en
258867868,SMArikat,6425,en
3538091722,DadsForBernie,868,en
896400632,PaulaDuvall2,4223,en
3224096833,arisya_adriana,82,en
2562967619,BernieBrigade,9850,en
2795517045,PoliticsUSTD,407,en
831725305,KriKyloRen,33,en
724878049,opticspolitics,2332,en
16443826,ClaudiaKoerner,2625,en
688273,jvdgoot,1303,en
21282561,RupertMyers,12706,en
25694156,jiadarola,40212,en
768422642,gsv45,228,en
1941298062,alchemistmy,341,en
705392676,bcorte01,184,en
452521774,_cingraham,13024,en
1904945420,PaulOkumu5,6277,en
3225760870,Red_White__Blue,2162,en
4753514537,ChristinaDrape3,8,en-gb
4307706387,HarryGodwinson,434,en-gb
4454921664,TammyKosiancic,1520,en
2303705958,Frigment1,149,en
997284517,JdeFigueiredo,1589,pt
965298974,Rogue_Beaver,742,en
1036867272,diane63h,648,en
330502336,jennifermerril2,7685,en
1853262091,joemcwhinney,129,en
3192644318,causeIsaidsoyes,1266,en
137406731,thugznkisses,333,en
4732262001,MirandaHolt20,7,en-gb
4509001289,timeislaos,15,en
944988097,andrew_kout,29,en
532656726,NiallOMurchu,343,en
1712662747,mcurryfelidae07,1429,en
2725899745,nqbhrn,295,en
12244082,resnikoff,9617,en
4180378753,RoadHound79,21,en
747485618,jleonard828,51,en
25743339,keksec__org,42298,en
24541827,Bobw2654,242,en
524623571,Carl23b4,713,en
111166826,dreamcatcher5,3788,en
27446191,TheXclass,9772,en
2498318551,captainbootycap,1618,en
4834187151,Commander998381,179,en
264470355,iamvinnyp,623,en
2887510809,Robbiemac336,123,en
9875322,limousine,294,en
2150146458,iscuimhinliom,414,en
4766257664,USA4Bernie,683,en
47630337,SophieInCT,1343,en
3333175390,jmjenmoore_jen,30,en
4755005549,LevesonNikki,18,en
871014848,YvetteBWilliams,930,en
21342539,TinyTOEPress,7007,en
4734207269,LucyLeech1,12,en-gb
4169158880,FultonLiz1,245,en
2896599803,papaNplus10,153,en
575020348,Awgjohn,1364,en
1102660934,DawGraham,323,en
352980658,J__Ludwig,206,de
3449140473,oZnePos,165,en
268416076,Raffi_RC,35978,en
278865320,Jopup1,1311,en
48219360,rjber15,200,en
29082715,AdvertisingLaw,26011,en
4755112888,JasmineCobb18,10,en
774909,Mlsif,14192,en
3394741149,WomenG4Hillary,2060,en
1184544560,JeanneFischer33,2357,en
705299120,LaFayJJL,8392,en
2466697404,mikeynunn2,450,en
40173650,robinsnewswire,22464,en
190872772,TheMasonGuitars,140,en
17006157,paulkrugman,1516081,en
312248392,Maggyw519,10776,en
36506634,Ag2Az,81,en
15978166,ipena24,40,en
547367913,amandabenitez98,593,en
2949261587,TheBpDShow,5104,en
2761095684,lifebyjpierce,32,en
4736960734,EvelynOlingwor1,15,en-gb
52459326,geopati,129,en
316102811,RickyRayinGA,6995,en
17599017,SuMejorAmiga,206,en
1249475882,chandIermonica,637,en
3228815841,SyncChrismast,94,en
529839576,caralinaxo,358,en
30880438,sarablues624,449,en
299983531,DrIanInc,1792,en
3622368202,JohnFetterman,6497,en
4723268898,JessicaKilligr1,8,en
34208984,BloombergTVInd,76288,en
4763139077,UptonVanessa,9,en-gb
3396734955,JoeAverageGroup,104,en
269911034,YAppelbaum,8262,en
4250647754,PaulnBaberDems,48,en
4762500137,ChinweGwandoya,112,en
3148629589,ZTCiasrg,66,en
3906120200,gritsandeggs1,202,en
2461292443,mitchum_andrew,11,en
4866522269,swiffydk,64,en
270190324,tylercreighton,1707,en
24804822,nickdimorohere,1400,en
45678510,skondorosi,1004,en
4756125563,PettitVanessa,12,en-gb
1126290546,JamesPatMac,684,en
145659451,Robin182zz,13211,en
2449639681,Europe_Tweets,251,en
5670042,HumanCompiler,8245,en
1609045596,elium2,249,en
43132220,levicousa,992,en
4734340043,GerardTanya,12,en-gb
3197348858,bestinteremedia,282,en
18956073,dcexaminer,50460,en
21043723,nhdogmom,11168,en
324198619,TheBernReport,5608,en
118048366,Sandee9378,247,en
22270152,anlane,373,en
88297495,fawndofyou,14841,en
851126034,pauldelaney2012,1501,en
152795399,benedictsalole,220,en
81545830,SeanyFootball,229033,en
1109949931,jrwade1955,118,en
2760050529,queengost,5566,en
4745296221,LMaltoun,28,en
4170491,ajc,297909,en
249464430,MikeTront,124,en
941227472,ForwardFalcon,1378,en
2676481292,TigerYuppie,973,en
100893396,_michelleson,140,en
26753062,artanc,661,tr
4762645941,OxanaKlara,101,en
83251563,alexbussieres,27,en
4577827829,JuanCarter101,131,en
14412937,eevee,7310,en
4584256288,TheTadDaley,96,en
41814169,FareedZakaria,673174,en
2148832917,marc_shariat,85,en
1340413092,sighhboy,14683,en
215365737,AaronBrolin,211,en
216685162,laurapoulter,553,en
63691059,AndyLangenkamp,855,en
934881002,djcesar0609,164,pt
16868321,snowbird42,786,en
16664681,latimes,1792476,en
457671773,Clapp2013,705,en
630114841,carolanne269,245,en
31105169,IndyPolitics,34534,en
4919769035,BurindisKazius,6,ru
272484329,HubieDo,2236,en
31223236,DaleF3,6629,en
104290832,ladyboomernyc,1009,en
24733117,jilevin,423062,en
49324978,ellerich17,16953,en
256605991,Ginsbergpoem,1442,en
884473591,CZBflo,112,en
542765716,BenKarnik,674,en
247203598,AANaseer,7603,en
1555616904,jstockbridge1,374,en
4735378066,AudeleyKathleen,13,en
3486976402,Fraujanice1,189,en
4734355235,KnyvettEliza,1,en
2340796446,GabrielaNorka,1859,pt
3145375730,leftsidestoryUS,2005,en
436122522,udapet1,35,fr
29995782,saladinahmed,41998,en
35773039,TheAtlantic,1218977,en
148564101,sister6c,827,en
21516862,DonMcDowell,1882,en
4562288908,christine_cary,273,en
1273471494,jens_goos,145,nl
781397364,EricExtempore,549,en
318385988,driftaway2,165,en
3219423716,mixedolnews,201,en
1711127359,98ashwing,165,en
70144495,adamslily,5374,en
366455207,ThatJeffPippen,316,en
1550620488,schneidercathy1,154,en
135790536,SO_CAL_BORN91,206,en
22250337,wjcormier,236,en
1112020050,GeeOhPees2,7389,en
4732558035,ErikaKillingwo1,3,en-gb
2319293910,ananthshreyas,132,en
467212564,carlofchacon,813,en
4150988069,darrenb785,93,en
318307124,kunimatsu0,3778,ja
35916691,BevSalazar,41,en
2959070895,nbex9,290,en
1549423418,sadhydra,15,en
347593448,pans44,216,en
2907871287,EnForce_NM156,870,en
2698617025,cyrusKschenck,713,en
20572543,BoneKnightmare,3382,en
40840621,jrltexas1,654,en
214120461,ryanlcooper,5993,en
3493287256,DriggersJudy,758,en
117810351,WSWS_Updates,11019,en
9763482,NYDailyNews,404345,en
168192662,Memnoch30,34,en
1048219814,KenFrantz1,26,en
4746251421,FulburneLinda,10,en-gb
17903867,jjtarantino,61,en
1327586546,callumhalpin_,6526,en
45472230,grylxndr,335,en
3228134055,BertaLilah,22,en
18719020,Hedgeye,25101,en
3310803258,julynewmoon,1086,en
263809335,Real_Food,1347,en
14604158,levanrami,3688,en
250206730,BookstoreMemoir,1333,en
400140922,piarais91,3676,en
69924139,Irvizzy,451,en
373054309,Thoughtsnviews,623,en
4753292427,marion_wymer,33,en-gb
30829875,BernardChapin,2922,en
861279092,Solos_Greenhous,602,en
27414346,MargieInTelAviv,11620,en
27229155,TerraMarQue,936,en
21198027,lloydus,32,en
63796183,itsjustplay,542,en
385029275,SawyerJerry,1912,en
1123794776,kathietran_,146,en
4763586921,RMagomet,67,en
4745238166,EvaFran99994582,17,en-gb
2976653309,IndyUSA,26586,en
553831586,GovbyUs,68,en
450866409,agnetafurvik,1187,sv
2361760795,PennyHighTrades,83,en
272986795,EqualityRising_,34364,en
16582131,docrocktex26,15942,en
433685408,kingpin7666,1738,en
1173033602,SocialWiz,41421,en
229950085,theNadinek,317,en
3296860431,QuickBackcinks,83,en
4830593062,SheWinsWeWin,263,en
331951488,j_rossman,263,en
3268581476,uybiqc_yp,30,en
2151576525,sockdrawerhero,728,en
4732669996,DianaLyfeld,4,en
4128623007,DonnaCartera29,123,en
1563896690,JoshSc0tt,89,en
4756522397,SylviaAshby3,48,en
3299260221,ralpsbh,36,en
4594640119,MichaelJosem,67,en-gb
16534580,eliglazier,1445,en
4720620588,LouLachat,172,en
21688902,Carrasquillo,17863,en
4771944505,PaulEalyMooney,545,en
19088288,bannerite,35874,en
267306335,PamelaSchuur,376,en
211181482,Arianna8927,14657,en
48376961,farmerdarrell,2126,en
3228341891,lewridenhour,20,en
76707735,QuinnipiacPoll,19331,en
108619944,AARPadvocates,17885,en
1211008278,santhimariyambu,215,en
286259690,glendastout,295,en
4458781394,21stCentCrusade,2672,en
601148365,novaramedia,7960,en
4754982053,PatChap90744937,18,en
2213621054,iOnlyWearPants,270,en
4919629299,AgamaseekerK,7,ru
32255402,SRJ360,384,en
241435654,grolnik,47629,en
355894343,jcesare2005,354,en
3242887614,BrosForBernie,753,en
4762162517,ShipwashAmy,17,en-gb
399588726,Boilermakerblaw,135,en
4149690013,HillarysMen,1789,en
325626577,Tim_Groseclose,17878,en
574870578,ypegasus7,41,en
4737009946,JudyDraper7,9,en
4919946233,HufireTumeena,4,ru
3249374986,RealGM4Hillary,1298,en
135431506,BeccaMcGetrick,294,en
1367531,FoxNews,8196148,en
4742840597,CarmenMiddlet15,19,en
14168372,Shabbosgoy,2252,en
20021712,BLACKFLAGchi,2043,en
319092518,T_is_Superman,1439,en
39203045,Residente,5709159,en
23813407,joncstone,5061,en
4753392149,FienleyBetty,17,en-gb
102127855,TheWisdomOfJack,41,en
2359028480,AnimalRightsJen,74309,en
2362985484,Delaneyisdeath,63,en
4733430737,AnnaWar49746222,7,en
243267866,sydj1405,640,en
1472542232,OVERCOMER2TEN,254,en
424414054,VictoriaFerna71,1150,es
4736858554,JoanAnd47093382,17,en
399774230,michaelallenmar,12930,en
1081185470,Jonny_Hinic,278,en
20704612,fbonacci,3365,en
2400397212,FrantzForMayor,97,en
1641052512,WybeeOB1,95,en
4846298811,CatherineBeason,64,en
229962970,thethirdWisemen,2634,en
952112047,weknowwhatsbest,82233,en
4046176192,CitizenChump,707,en
196711520,emarceg,406,en
345832602,LVSimmart,67,en
86848812,_HeavyP,765,en
4029549383,StopPlutocracy,23,en
18586848,Bill_Lenner,1702,en
35678543,ChannyJSpeaks,742,en
216677271,DevilDoggg,545,en
2232451226,ForteEddie,577,en
16887628,mattklewis,38485,en
115754870,RT_America,318934,en
4733056401,KathleenFitzwi1,9,en
113410319,jornalistavitor,26527,pt
2981572462,drubald,618,it
4723229190,HansartJennifer,5,en-gb
813311743,NumbersMuncher,18039,en
347640382,Sadieisonfire,48709,en
231420837,bayou_bobby,2043,en
466202199,janetislight,79054,en
14259495,l4m3r,80,en
135281262,fitchest,15506,en
128353949,carolineyezer,100,en
3244702824,4anniereilly,803,en
84795189,r0ka_,848,en
21461944,ABCLiz,6196,en
9300262,politico,1362773,en
2247731029,CVelazquezcarf,101,es
4401381809,DashRiprock7a,140,en
14809323,AhronZombi,448,en
4734380477,JennaVaughan11,8,en-gb
2961438219,LamarGray_3,267,en
4732259355,SkipwithBelinda,33,en-gb
2998408203,Drudge_Report_,554613,en
2189130356,JanetMenke,353,en
931106053,MerylTrefethen,27,en
4753433325,ElizaBrowning14,9,en-gb
3307929149,JeremyCorbyn4PM,108143,en
185509756,Ritter77,46,en
17427333,geoffrooy,1734,en
20874877,WandaWCarpenter,4704,en
177970598,ciaranmacairt,3847,en
105463286,RVAREGal,3390,en
4758908135,laraHolland20,9,en
2966330752,1273patty,87,en
4762519713,EvelynMilner2,6,en
3287916110,BerniesHomie,25650,en
232851192,theonlyadult,11395,en
612057704,ManMet80,1874,en
60576958,SilviaAstoria,21,en
536646582,socallks,3050,en
4736346441,MarilynSaintjo1,6,en-gb
4766828717,PriscillaOutla1,15,en
4163830211,turbobern,2123,en
3314545692,sweatpantlegend,15,en
4871571199,BluntPowered,23,en
869176992,mglessman,2906,en
1009956750,AdamNGuy,4017,en
4855779015,jmcbrd5,20,en
700666699142418432,COfeelsTheBern,1,en
4736735121,missingahzu,102,en
592206075,AramOcean,46,en
322276773,_shukura_,830,en
305376209,HenryZeniewicz,9858,en
4756652734,CoorthoppHayley,28,en
100299265,MikeSAdams,10508,en
4649634257,SheratonPamela,21,en-gb
3037413688,SAL636,254,en
2405341116,HandelShaine,14744,en
59947923,eaglefeather43,14263,en
21160560,GeraBaldini,241,en
922974936,myecoll,2730,en
256825879,Erik_Verduzco,1066,en
216443652,nitdelluna,155,en
2643164767,QGotNoRings,281,en
1289848416,ImWatchingToo,3474,en
1631693648,clompthestrong,327,en
546015655,penseur76,3965,en
1668313928,zotajek,142,en
592716542,milo_jeff,1385,en
24990580,Kauaibride,23796,en
19311205,Q104Cleveland,10861,en
4747698809,AlexandraFurna1,2,en-gb
48719150,helenmag,7087,en
368858495,MrDarling4,728,en
2568992936,vivigold197,1578,en
64957276,SaucedUpSTOKES,2923,en
4736307159,DrydenMiranda,7,en
93953785,naveenchenna,127,en
4734527242,HelenDavy3,12,en-gb
410113595,LaborPrez,378,en
3230944180,GodandtheBear,5086,en
2182227112,_alexgiglio_,1119,en
2329066872,the_intercept,218240,en
242482621,markobroin,957,en
4756764525,HelenaGibbs12,11,en-gb
341030252,johnbhyden,39,en
257496507,zowism,267,en
2566820955,damonmiller76,353,en
22749722,srijanapiya17,2350,en
3201150874,17ThomasPaine76,165,en
438941269,Gonzalo__Flores,197,en
702212952,ScottSdbrown,4543,en
4747559733,sue_letterford,10,en-gb
4741928313,deborah_simeon,10,en
17155393,SEXSTROLOGY,126279,en
21714521,GoldieAZ,2927,en
225215700,jemsan1,358,en
31516646,Meemie24,836,en
720361531,BrianEv62314248,966,en
1489160666,SusanStopsongs,2671,en
1271028361,1Earth1Sea1Sky,2190,en
18379614,RubinReport,87570,en
554885881,syracusedaily,1933,en
1312788830,diane1820,348,fr
336201124,wyndovelh,86,en
1597694598,DAN_DOBIN,501,he
139556068,JDouble78,54,en
885558410,nicholasjparisi,3235,en
606907410,Obama4More,3526,en
4919429199,DoscarTubearer,4,ru
2955397370,KsoTheKing,17,en
4253954293,yvonnejones978,114,en
82325962,keilie_79,128,en
3227289826,SansaRising,2856,en
3343917184,BernieOrBust,1093,en
342843449,1101110112,2087,en
284067212,euronews_tr,10189,en
2453668343,Mauriceology,125961,en
2526149043,khaya_kondlo,37,en
4747658734,CherylC71033186,25,en-gb
283656158,NW1994x,108,en
3154638695,ayestant,358,en
4757035282,SophieBarre2,14,en
214206294,JM_Ashby,1675,en
43638469,BenJealous,48882,en
2389047650,tisudiqaput,39,en
2367355298,maamikron42,416,en
1893781016,JakubKarczynski,253,pl
17000549,wineblue2,98,en
4665674299,batm2016,1325,en
4186684378,mrsmiller1123,46,en
2165719923,mswxn,323,en
4606219033,a_for2day,74,en
3055781641,_rajkumarray,120,en
4755105802,NorburyDiana,11,en-gb
298942872,bombsfall,13180,en
78195667,michael_epps,3180,en
3395167743,QuoVadisGA,145,en
6577642,usnews,112388,en
504695887,LyndaPole,331,en
4732664902,PatriciaBrauns1,6,en
289623381,SandyPierce,665,en
2878216983,_sanders___,280,en
4577036915,SusanneKalyna,102,en
4171008974,fetusesfortrump,37,en
23684401,supenau,189,en
100649666,IIJERiiCHOII,549965,en
4894509066,KingAjala,49,en
141752573,Marcial_Britos,370,es
483100247,ericfriedrich4,138,de
3847087204,jean_laclair,83,en
1922049805,ksandjc02,3268,en
371504567,_Parrax7,861,en
22431577,muntel,418,en
188903918,raygibbs1,3311,en
4074512412,andew_h,149,en
15300388,PatDollard,50086,en
1273164162,plbds,188,en
956412000,MichaelGrande4,3022,en
81406248,eraguilar,680,en
607558430,Libertea2012,40441,en
20874917,chris_emerson,547,en
258802302,TitoTonguin,154,en
3025347424,LeoMo90,45,en
20776147,seanspicer,16891,en
3166012861,imcindeye75,9,en
346303050,BarryBasden,166,en
1714299895,irishfellow01,1591,en
4848023477,NiniMero1,67,en
90911917,Adampdx,1222,en
4874513699,thiaguri,43,en
426802833,AP_Politics,73848,en
149011606,syddid_VI24,898,en
3319538209,SEI4BS,1890,en
270068926,TheRework,48180,en
2814849120,robdazoe89,401,en
4444021036,debthelitigator,63,en
196761989,SharoniRocks,170,en
3242858793,JoelWeidenhamer,324,en
1079705930,ntrip10,402,en
27240262,truemira,2518,en
18857913,CulturedRuffian,207462,en
18840710,AlexfromPhilly,1571,en
3594987616,VermontLoverUSA,252,en
2409011508,luzzattix,165,en
2508400016,deno803_mary,52,en
109854452,ohiomail,11506,en
388432699,WhirlwindWisdom,4955,en
2428776326,_metafizik,66392,en
23545095,ChadLivengood,9515,en
764265590,siquieresmelees,6871,es
1911946836,kozak_timothy,74,en
507267592,anaresafo,135,es
4748812636,evelyn_elliot,32,en
14669951,DRUDGE_REPORT,898842,en
3318077602,BernieOrBust16,70,en
2762329544,pietvM1,241,en-gb
225907142,KRansome83,5090,en
703994049,AhearnTim,2426,en
17753712,a1dbb,310,en
16006592,BenjySarlin,26247,en
38413836,CoreyRobin,13902,en
35750622,darigah,379,en
478964522,yllennodmas,2694,en
2330881664,AndrewsHarley,1999,en
1255915020,RIKIHISA1,2227,ja
4763259616,AshleeHarper18,84,en
3410571645,WadeChapman15,518,en
4734365897,BedgberrySue,9,en-gb
4546346374,StevieManuel95,115,en
2940064592,H673H,76,en
4546393773,PatroKristian,136,en
16935224,UriLF,2623,en
125724234,keethers,2373,en
4748795842,GloriaHansart,6,en
308993065,green_chemical,150,en
255221268,HuzzahForAlex,332,en
487081507,amychifici,168,en
631622844,KateH0ffman,205,en
15907183,cmclymer,21493,en
26267040,VickiMcKenna,11884,en
1639605834,I_AM_HIM365,114,en
16719435,jawillie,3544,en
211914527,shirkuw,154,en
67486822,ZKonketsuji,864,en
3408485891,wazuberance,145,en
311858021,Eca_Si_Tangkad,1601,en
4834339845,people4bern,312,en
128293240,andrewariley,558,en
392997120,Sinnie5,284,en
3598589776,AineCarson1,702,en-gb
4893574071,POC4Bernie,641,en
3367408719,RushCity4Bernie,3782,en
2488436060,mgd4161,1276,en
21542518,PaulRieckhoff,31641,en
833952144,TEANTACLES,263,en
2965081696,LetsBeDull,1512,en
26657119,MoveOn,157866,en
3116047273,NYTNarrative,758,en
460577661,fuller_derek,8422,en
2562461803,saynasnpdr,445,en
3168722336,amrginalien,37,en
5264181,davefan,2115,en
92125915,KateCarsella,244,en
3932238389,BrandiOsborne71,95,en
16311797,WSJPolitics,89728,en
54984589,SFGiantsMissy,111,en
25282365,Scampi13,289,en
3052838544,NBilbr,284,en
4756041075,JillGoo65722393,9,en-gb
4860519979,BerningSandstrm,355,en
4328211374,MrJoeSacco,1570,en
969014287,Limamoro42,70,en
4733342001,DrylandEliza,9,en
3273997009,228Years,1833,en
15458694,HuffPostPol,558126,en
16931360,DavidKenner,35579,en
390314746,sara0garcia,346,en
3060224020,ayozandra_,456,en
4919548079,ArcanerisarB,4,ru
20423174,MarcusJOwens,1379,en
2209420577,globaker56,1595,en
771298494,akahnnyc,1734,en
5469742,cayankee,4771,en
63717541,phillyrich1,3079,en
618300542,SusanSarandon,346687,en
979837604,armin_zakwan,212,en
102401151,Kellinquinn,1360033,en
136655165,inglamwetrust,1511,en
417508737,NaatWilliams,272,en
3316807036,oxaob,66,en
47640592,countryclevage,201,en
2923079655,Paul4better,223,en
3516145767,prof_taxi,278,en
2157743257,babyitsmb,72027,en
3013857133,iesnesiaknan,209,ja
3227742764,CovertAnonymous,3554,en
1147005800,patrykkyrtap,379,en
3592477283,jojos444,804,en
1258682636,tonycruzdj,60,en
17394793,News3LV,86530,en
4546857916,elihannelore2,149,en
3317432164,balajinuann,47,en
417418162,cliiffordasf,259,en
4734261861,KnightonBeth,6,en
2938581528,Legionof7,12055,en
61183343,MikeAngley,831,en
732958346,sueG5123,44,en
101117634,xcaseadillax,1396,en
2725329755,HONOOOOOR,27,en
4733158997,CindyBishopson,6,en-gb
30758317,JenMichigander,1661,en
384422694,PaulCaris3,197,en
27497271,jwanj,343,en
49621677,trotruth,889,en
17174309,diplo,1638893,en
407119112,flowerchild1968,158,en
16378093,JillFilipovic,32509,en
231410482,gotiskaklubben,2337,en
42995067,brianefallon,15527,en
121372605,padmodi,1090,de
614730516,MissLynnetteH,1138,en
4748335289,JudithSaynsber1,9,en-gb
17050431,julito77,18303,en
4766903074,HayleyLatham2,28,en-gb
2861699530,Raff19970,811,en
50586888,JDavis1007,1186,en
957832087,NewsdeskUS,1569,en
4762665796,MilanLeopold,105,en
20521270,thenerdfm,123,en
3390726604,joantriasbad,182,ca
2670772172,ralphb47,1188,en
1445459683,mizladyjayne,974,en
1735219130,saharahbergen,1175,en
216726259,sugi_moira,4688,ja
49161541,GravityisRising,1421,en
4919890715,MorluwieldG,3,ru
133259087,DisparatePost,4008,en
2574200585,GerrishLisa,889,en
1463873959,The_Prevailer,445,en
257292250,ILuvHaiti,791,en
4737042994,MargieParrett,12,en
49021031,terri_georgia,26304,en
2430858841,_laurenpn_,503,en
4746230487,leech_victoria,71,en-gb
3415764736,ohyougatherer,571,en
3310598736,PrashanthNair10,172,en
27575350,KimberleeNelson,173,en
4546738037,OzturkMarangoz,120,en
61090009,AdamWollner,1856,en
66533920,ZaidJilani,18472,en
3171738157,TrapBernie,2050,en
3286527319,manjusingh77,148,en
2291068116,progressive4u2,2379,en
16439471,TheWeek,106672,en
156156672,vahnehsah420,391,en
29598035,johngramlich,3303,en
357187990,RizviSalim,755,en
4743705502,NewdegateSharon,7,en
1613115068,hnrwbell,659,en-gb
4763216242,Helen_Aletha,98,en
2451400376,SnataPegatina,117,en
4744898854,ConnieDraper8,19,en-gb
109372710,damalbaes,469,es
546886420,THE_DAILY_BLEAT,1663,en
164600793,duende_chingon,159,en
718236558,dawsonjmb,171,en
3232054991,TheBriefing2016,26089,en
16411682,MuuMuse,15671,en
2321655144,BeladonnaRogers,31944,en
4763687901,GerardoWadud,69,en
97084619,WannaBeLikMike,758,en
2660218092,cfcpac,1844,en
4762936841,GraftonJudith,9,en
4871634928,thegreatcatsbie,259,en
26130987,Bryn__Phillips,2153,en
49698134,JoyAnnReid,183593,en
561624760,ConnieInAmerica,283,en
2548936544,jlynreeve4,1356,en
67037430,NOTJUSTAWRITER,754,en
2801149766,Magnus0Pus,124,en
4756732065,AmyEverdon,13,en-gb
65260792,arthur_affect,26845,en
21435474,rtyson82,164,en
891428671,zagal182,147,es
2862682151,KoriWasinger,274,en
301148961,libertad717,568,es
146792585,BossClaw,1028,en
64460304,No1CookieLady,651,en
16438494,politicalinsidr,14059,en
36743910,CornelWest,691298,en
2993776803,VoicesDementia,564,en
1481261102,hannon_22,898,en
3622830612,arizonasanders,2041,en
3936020963,wealthywayz,3176,en
48004981,farzinkhadem,32,en
112519014,GoJamielsLawGo,7500,en
17829357,UltimateTennis_,1741,en
729719605,TheTawniest,1012,en
2535752433,snippets345,72,en
4732573888,KellyNa96122536,4,en
4754708235,ChetwoodMelissa,15,en
1955044266,SomeBlueDevilFL,4462,en
245590716,deliasalcido,1961,en
1051379064,MWillJr,371,en
2907070129,RussTop3Ever,344,en
24106977,BarryMcColgan,2643,en
594154559,JackWarner16,567,en
339686238,reftpt,1055,en
3299144926,SLFife,34,en
347628613,thathazelkid,790,en
3123987938,ca09be00503d4a8,25,en
14511951,HuffingtonPost,6777268,en
1942819082,CGBPosts,174887,en
1202427764,JoeWAtAFSCME,203,en
54174418,Rokpelnis,5004,en
3319293586,TristateGreenre,40,en
125981047,juiciosito,813,es
47361334,pferal,2709,en
2996520036,yourltldogtoo,221,en
2279775475,mr_viper69,88,en
2412797547,Warzone_Maniac,86,en
45564482,NYMag,1090376,en
26186655,JesseLehrich,4143,en
33025765,Rayh423,255,en
3497941,owillis,31953,en
2967544548,Hillary_HQ,1750,en
234903540,DFER_News,7316,en
15553222,coslive,114249,en
1375289149,NewDay,167301,en
211785295,KailiJoy,12184,en
4689801824,pkrimsky,26,en
26254344,Inimai,1714,en
14717790,NecSorteNecFato,274,en
46213956,JamilSmith,55186,en
4919627921,GaweaverMothris,6,ru
2906263767,Trusting34,4646,en
976871100,ClassicalLib,1682,en
14228645,macsmarts,705,en
1264291556,JJMCCABE2,1931,en
28076811,newschambers,6766,en
2155985814,renatog24,499,en
3141633336,FosterElliotLtd,223,en
2876699128,Cmill140L,65,en
3071572679,joseph_carangi,456,en
366101129,MBarakso,693,en
16638685,lilduval,849749,en
4753263207,HelenaShinglet2,3,en
4754736615,JaneGil91462158,24,en
4420881087,WhittingtonGle1,228,en
246911431,Merton_G3,1206,en
2911386261,pmbarrese,2028,en
18510860,MotherJones,597740,en
3377203632,Rich_Nelewl,70,en
153876973,STERLINGMHOLMES,6323,en
1241209424,bowen_sandra,92,en
2655830472,CoolestLifeHack,711522,en
4436624357,BizAndMarkengit,15,en
4738734653,YHigden,9,en-gb
147398785,MAPSTER5500,3196,en
359382918,JackieC1989,7696,en
55066811,NHTeaParties,3832,en
4762914681,CrystalDuncombe,15,en-gb
24923175,JammieWF,10618,en
3415595343,98xhplyi,14,en
45365156,FrenchRedFrog,3107,en
2287160484,Shawano4Bernie,1665,en
15803316,reallyandrea,4647,en
2521725985,laura_garvock,797,en
100042392,V2theS,451,en
432122791,baseballot,1951,en
23158778,mrv911,918,en
842718474,grm_chikn,6279,en
3230138817,daniemovich10,981,en
2864812909,democrapssuck,1906,en
4766721803,DebbieMalins,10,en
138571628,La__Farfalla,65,en
109290393,23YearNavyVet,492,en
16521206,NBC10,51302,en
4919446941,ZolofireDawnsi1,5,ru
2371766959,racinginit,1437,en-gb
49181876,Freeda99,367,en
3257223728,iaaatm,58,en
766223881,Omega_Squadron,184,en
1710678115,DustinAGoodman,267,en
2454161347,k_stewart84,165,en
4733263516,FitzralphJean,21,en
461080033,SOOTHE_,587,en
3015821583,paulsharp_,339,en
14602291,Gabe_Holmstrom,2701,en
2392789262,LesaWilbert,937,en
358344280,_Ahbs_,797,en
4748845761,AshenhurstJade,3,en
580329101,OmarBaggili,473,en
23721547,mariaj81,2275,en
2237276418,i_journey_bot,7276,ja
3006418240,RNRMaryland,7121,en
2731948438,thedsh1,23,en
1328206963,Loca2733Mc,1146,en
204809629,zazahan1,241,en
48451358,robbieprichards,113,en
4901345663,girlbakespies,1,en
278209386,PenTherapee,789,en
2728808118,Katy_P1959,943,en-gb
67655578,jess1962,32,en
14546981,timsee,476,en
15468048,jlangdale,2148,en
3332157263,Catholics4Bern,155,en
519728191,JSavoly,4551,en
15515169,toddstarnes,61990,en
18916137,aydinfidan,674,en
16721461,ellencarmichael,12737,en
600570291,SierraStromwick,4745,en
4744249695,DianaDove1,4,en-gb
4736891662,DianeKeckilpen1,7,en
3492807912,MellaSaldavia,64,en
1494835716,AIIAmericanGirI,51532,en
800663185,Ed_Samaniego,8586,en
4879224550,donna_geoff,181,en
540061869,soccermomfrvr,100,en
14173315,NBCNews,3036432,en
4706060432,bernies_music,2297,en
115803562,quole,211,ja
2725924351,jrmadmen,971,en
4762683514,CrickettGrace,10,en-gb
2869288109,nadfe56789,78,en
2861899293,kennylbelvin,1030,en
1865067360,LuchaProDerecho,404,es
4919649381,YggweaverM,1,ru
361545187,TampaGurlFL,2117,en
697992894557392896,Mlmetzger11,192,en
4759547955,bernyenedikt101,109,en
3309139560,Patrickesque,626,en
154460197,top_grafisch,835,nl
3344126902,sarahhmframe,163,en
699615884495740928,OghmariGurdin,2,ru
21265120,KillerMike,203167,en
268476335,greenhousenyt,26166,en
16671425,CathyTX,375,en
286087437,StanleyRucinski,92,en
3018136305,BayrleU,2252,de
1923721483,NoonzzJ,46,en
108483257,AURIVEC,1023,es
1416105282,rev_avocado,208,en
248226790,Mustapha_Itani,1153,en
259395895,JohnJHarwood,60301,en
430266483,thewonderfulH,1291,en
2967972566,MJPolitico,1019,en
42345999,Boogie2988,303059,en
30595199,samy45,592,en
4823428919,HollandforBern,748,en
16989178,JamesOKeefeIII,75929,en
4833128677,Bros4Hillary,294,en
1312913730,NsubugaKefa,135,en
3313493146,wookie28560,131,en
1241937762,WWEZeb,214979,en
4783979750,ambercrest3,4,en
2996118130,jsphcrft,383,en
42291075,FoL2009,2098,en
58693179,ZERUDAH,918,en
4732517422,HammerFiona,27,en
57383574,franciscome,1773,en
1275814556,britneyortizwat,104,en
798849650,lwest16,1010,en
18465936,paladinette,8601,en
618421390,Stephen24669,366,en
306767933,GlamGOBErt,1158,ja
1656054320,the__Liberator,1196,en
273140515,AndrewCicchetti,1555,en
2284695849,takinyera,338,en
16667912,IWF,85203,en
372502604,MashableNews,27681,en
18286505,HYPEBEAST,320077,en
2872524651,live_news_feed_,117,en
33276161,JohnFugelsang,167185,en
1311093727,thriftyfinn,2883,en
65257429,fvdlfvdl,1003,en
543716716,HorwitzGabe,435,en
317052872,fergusonkeith,1525,en
188793260,ninaturner,38457,en
160645218,mswanson85,200,en
2371002000,keepcalmnovelon,88,en
2981133503,fondaconley14,30,en
168531961,NoahCRothman,17337,en
11856892,meetthepress,221342,en
4732578977,CrystalGedding,26,en-gb
618388111,vlubatkin,50,en
25605222,Lawsonbulk,8921,en
4762916715,greenway_lucy,11,en
2761898817,dualkoondog,937,en
46653669,ColinTReed,1681,en
260848405,NoBigGovDuh,2181,en
84882453,THERobBranscum4,935,en
290704219,azakharov82,71,ru
3387219983,LoftisTracey,978,en
16973333,Independent,1755170,en
38446565,iLoveLaurynHill,1295,en
4832681197,ArthurAngell,87,en
789861944,CHroisin98,289,en
1626294277,intlspectator,512267,en
352508648,carrieinco,3278,en
2463969932,StafBettridge,310,en
1921870543,_jsolarte,687,en
162491255,slsgroupcorp,896,en
3873598893,ProjectNav,1833,en
3259566421,VegasJte,48,en
5644892,patrickcurl,13192,en
48381235,castrofor,4635,pt
2890773471,relator_joseph,577,en
274843910,velartrill,601,ar
65045121,OwenJones84,406342,en
285591960,tagchan2011,451,ja
993358020,sadieark,5418,en
503746699,docdebags,252,en
519539483,ThomasStewart08,579,en
7120082,oisinlunny,4453,en
4733333349,derington_erika,44,en
333153604,InniuSaStair,4737,en
233882010,Kawachi_Maru,589,ja
1917731,thehill,667986,en
14543966,annanicole02,291,en
1172430702,CharlieH54321,298,en
4763636836,King_Nikusha_,35,en
1688433432,Johnjacobvoss,40,en
714235303,salinasdeoro,755,en
183958288,steveaappleton,238,en
16805719,benedictpringle,1791,en
252566795,MalyndaNyc,830,en
4758771856,SaraSarahlaBar3,21,en-gb
807027204,postmoltmannian,988,en
4765724303,BrandiKesteven,5,en
16157931,SAWHEAT1,674,en
3793956801,mosshillmama,24,en
96664718,beleden,89,en
4748304873,ArdallHolly,58,en
3543212476,mjanemann,2873,en
211547752,News24Italy,188,it
573866808,robertojirusta,332,es
989605946,gtfountain,11,en
3300904836,DanielBackstro1,265,en
222341841,kalpanik_,1076,en
2229124866,RomeoIIIV,702,en
4691873059,GCM_2016,47,es
3332995881,oTm3dJya,44,en
480099333,BlueEASM,99,en
4428005714,jaugustin9,116,en
742726076,jasonizumiKona,8023,en
616349139,alicesfolly,149,en
104297073,abitx2u,12654,en
21905129,wccjtsan,166,en
21612122,HotlineJosh,34345,en
931391137,businesdan,369,en
4753107987,MoreLillian,13,en-gb
4765690594,KathyWellins,4,en
67734455,BabaOloriokoBB,7226,en
4734453688,AlexandraAddic2,23,en
83443535,FuckYoCouch69_,665,en
126722715,abbydphillip,11071,en
2271197568,Brains4Bern,4185,en
513087375,SandFostcat,4540,en
1284956808,gollum1419_g,16778,en
34643610,EricBoehlert,48327,en
2647628254,travers_sinead,813,en
1433943116,CplSoletrain,1533,en
3086914028,attorney22330,28,en
2811940370,BrianYoakam,30,en
15754851,SaraLang,18000,en
445153884,HartmanAndrew,2337,en
533098601,DarrylVestal,1105,en
49297464,masatheman,8114,ja
3368595916,BernieTeachers,4843,en
4212282492,AWGIndependent,134,en
332461251,dowd_lauren,1694,en
950354640,Linfield1641,1858,en
54996176,liars_never_win,10651,en
16955991,Salon,567769,en
90804267,jojokejohn,137292,en
1209148250,RefugeeWatcher,1893,en
322658160,JesseDrucker,4700,en
2445365048,LilMsgss,4019,en
30173138,Crazygorgeousk,461,en
1343188885,laf307,367,en
59159771,KatrinaNation,137229,en
490992815,igotviews,537,en
30030404,p_staatz,11775,en
4723810190,NicoleCripps2,13,en
27401924,murraywaas,451,en
31238045,MatocNationPac,366,en
3734285356,yungbooti,29,en
19427164,quirkyme,1442,en
32879608,sabraeliza,167,en
157510710,JaimeRPuente,1250,en
4762184663,KarenLitchfiel2,4,en-gb
115243330,pesky62235,35,en
2760110818,brocKy_dcu,601,en
17045166,bhandel58,125,en
4748906189,MandySp42253188,5,en-gb
2376137988,nani_booboo,215,en
3745649482,StephenFitzge13,182,en
18604111,johnnyprofane1,6974,en
24506246,haaretzcom,247980,en
76848978,2sense2,3721,en
4717817959,bernieforbernie,616,en
212988926,marchionorr,488,en
2218837686,Omegatheroyal,113,en
873377514,Osmanaman3,129,en
4747894295,tammy_fabian,15,en-gb
3561980536,ch1election,139,en
1252882802,E140tweet,4659,en
4733286676,HollyCallthorpe,13,en
455764741,FreeBeacon,55858,en
607936702,FWSJ1,295,en
309190582,RobinMCouch,1938,en
22328300,breezydayz,1087,en
4578432982,CherylWoodRox,130,en
633278630,_JosueRomero13,798,en
4742785282,SHutchinso,25,en-gb
2410196159,cdmr9816,357,en
16000199,nofixedabode,405,en
254117355,Morning_Joe,179428,en
375856789,4rkain3,1059,en
23331853,sigche,462,en
3291170900,PicBernie2016,5298,en
454420076,JulianyGuidini,179,en
17058142,13m5,285,en
3182034704,fw4bernie,2279,en
41806188,dlb703,6903,en
275942684,rashidaldosari,1625,en
3045451903,ldbrillante,3843,en
1250117214,Gumlegs,1963,en
257699482,pkheng,47,en
1553249970,C_Hunter94,123,en
4746324094,AnitaBeckingha1,12,en
34921576,tonybruni,735,en
4356590175,jacobjohns0225,108,en
400352771,KelliSmith15,2652,en
4746388114,AlicockFiona,15,en-gb
3222209577,Bernie_Facts,6676,en
15379585,Doramary,10347,en
522201237,caioblinder,55820,pt
47261104,treehugger1605,654,en
2361944108,reevegeorgew,9625,en
56208262,mythopoetry,729,en
4777493201,arlyngtondoesSM,55,en
942422990,TinaMorphis,967,en
4741988117,LucyBar27424755,1,en-gb
92214085,JaredDeanGrace,165,en
21518962,lydiadepillis,11022,en
374490485,yocibou,3395,ja
1527558726,globalhoax12,446,en
4757128785,mauntell_joanna,27,en-gb
2458953451,lui_jimz,250,en
477410739,MyHumanCompass,61541,en
2884100044,Valente_Montes,1419,en
3305332423,waheedbasra115,437,en
1129364384,andrew_wilford,338,en
3187442933,Campaign4Bernie,1982,en
52836308,udontknostevo,399,en
895700276,BrownRenville,522,en
15368940,GottaLaff,43317,en
3299944161,AngrySenSanders,1330,en
403086277,Phaedrus08,129,en
16224367,smaxxmahaffey,1029,en
4124770811,TraviesoDniel,101,en
4763907563,SamoilAlmiro,75,en
26798262,kuleci,295,en
21146733,NationalNurses,18555,en
17143313,jasoncherkis,6898,en
33301055,OnistPurpose,227,en
3256723882,SCLoverUSA,941,en
3424568652,JBShivani,209,en
737509724,kanegop,1946,en
4747802721,CindyHornley,5,en
15250824,spock4444,1508,en
3180112748,peenyweeny1218,14,en
14585825,KPalmer433,906,en
4766769437,LisaRyall2,18,en-gb
306512943,Titichai72,29,en
17088337,JeremyManier,559,en
2363090690,elishajames_15,389,en
2579632276,danivarghese047,10,en
23226008,KSFO560,5891,en
2732348582,Coco_Wms,2243,en
38920141,GaryReilly39,560,en
3364102125,mebeanbag,280,en
4763079273,courtenay_doris,34,en-gb
1592483648,Jetflye,732,en
1927206542,RLAlgadi,659,en
426303368,DontHatePetey,563,en
4745387572,LovellMarilyn,8,en
17167572,frodofied,4885,en
240632124,deeheintz,614,en
140892845,money_boo_boo,1643,en
150281740,SethAMandel,7245,en
3064994369,komandante1982,583,es
4748003075,JamieGeoffrey,4,en
294834870,slipcases,568,en
15978244,SteveHofstetter,149110,en
82689705,NewRepublic,140940,en
3277109490,MiddleClassDem,535,en
20650387,muckrakery,10207,en
4319456714,pendulum5884,293,en
3431926247,coolepairc,204,en
21486636,richfahle,1078,en
263504882,EnvyMeGreatly,434,en
4092860819,andrew__schacht,104,en
4732513282,DownerEmily,23,en
16886037,jfurtney,29,en
4329847221,USJeffersonianA,2108,en
4565992635,Bernie4prezclip,557,en
2987748664,1stGermanstore,3974,de
21792170,RexHuppke,31540,en
988101871,jujubee_84,211,en
1932995053,LouisacdPearle,707,en
4306804035,ANTONIYA__RADA,87,ru
3368690836,ND4Bernie,4288,en
3225085410,macscompute,396,en
29509060,expatina,4866,en
52124896,FranPelayo,3012,en
2437028190,IrwinJames327,273,en
592333524,labornuts,71,en
3434856443,JadedIbisPsesr,54,en
16370676,GAPoliticsNews,9814,en
25053299,FortuneMagazine,1999804,en
136409184,ARROWNATION,961,en
116579860,reree20121,149,en
42498255,ChrisTMarsden,1506,en
2157328262,NewApproachPAC,2606,en
3423275386,Barbara2494602,389,en
134799789,tomcopley,11517,en
564227749,EdReformNowUSA,1151,en
227095732,jgillanNews3LV,936,en
4190222577,2016bethechange,1714,en
4158609615,StandWithRand__,332,en
3404297363,DeePort28,2513,en
4746996856,SusanMontagu,11,en
128281800,ttengineer,577,en
4732577535,AlyssaB11821321,3,en
264096039,lucysindhu,286,en
4735352260,EverardLucy,11,en-gb
630358363,mhmmdbnzk,80,en
504129552,poohsbrana,684,en
4756428196,NikkiColmer,15,en-gb
301736679,LordTwerk,119,en
874846453,Gabbiedrice78K,749,en
520493271,Kayla_Zmayefski,537,en
2699521946,RiotJarnaed,23,en
874251416,DaveKlucken,2641,en
1710743766,gicapo2013,55,en
33098362,erinpastore,385,en
4923786897,marif3dorova,45,en
109260511,ja8yum,4615,ja
93069110,maggieNYT,81819,en
3193944696,Women4Bernie,24952,en
4766843362,ShirleyBewley,17,en
2955154979,Chr7st7anL,210,fr
3428100550,MARIELinBOSTON,1805,en
404525685,UniteBlueMN,2528,en
4762871615,ParisBettsthor2,25,en-gb
3026515970,TheCurvedGod,1320,en
105177260,DMint48,47,en
796261392,andendall,54471,en
33995295,voteunion,8835,en
236706105,yesborg,221,en
4734271577,KathleenBerdwe1,8,en
367588981,josh_walker1,1808,en
2343374304,TheSinnedAngel,149,en
2955789098,channel__3,476,ja
42836285,DJ_CURFEW,998847,en
4173715213,Donan13Dron,21,es
60252924,rymagnusson,369,en
235119199,StudioInCabot,2114,en
2596883946,agrifoodguy,1286,en
4578288016,amandastevens97,115,en
42657110,bristola48,2236,en
140665322,historianess,2982,en
1463041586,yoallred,339,en
626658425,BigCatVerbatim,900,en
2941244524,DonovanOne4,65,en
15513604,foxandfriends,518579,en
67413764,mcgarrygirl78,339,en
5880102,rabuliz,323,en
154312006,AntiRepubWarior,4125,en
542143558,yarbroughoshea,188,en
430252487,conor_kinsella,425,en
862864639,BradVEarl,82,en
40539628,NeeziOne,558,en
1223023370,HRC4PREZ_2016,566,en
32535157,sherylrice,31,en
29184911,AmazonTraveler,593,en
177901662,SusanEMeehan,6,en
1104111013,KTyndallWFTV,45268,en
143104075,KyleKulinski,26038,en
1431608161,_maryhshultz,923,en
381276559,Barack_McBush,1926,en
376876772,word_34,4366,en
474437971,KatieHart84,66,en
2984330300,AuthorBoudreaux,193,en
30306325,amy__hawley,1854,en
902200087,CassandraRules,61486,en
134758540,timesofindia,6474175,en
4830172063,LineDrive2_Face,1793,en
83864876,courrierinter,182302,fr
2467791,washingtonpost,5953566,en
56290636,mradul0407,150,en
2823161285,__SAAMIRA,118,en
1157163342,snowsurfvt,456,en
2365949540,DonTochillo,179,en
782752682,timbiglercpp,282,en
33318140,patrioticmomusa,297,en
113258545,rorensu4,936,ja
1049348676,ignoralen,250,en
4192528034,wearjustice,12630,en
4242274594,Cindykellner1,92,en
146060152,wcgirl1,11521,en
40893953,blackreport,7846,en
2717293980,ImposterKANEWWE,76,en
28785486,ABC,5402797,en
531565758,StarCoreOne02,3970,en
2998455941,NewsBreaksLive,206234,en
1964112182,aubrynathome,7128,en
52191159,richisglorious,285,en
20177274,Transcendental1,133,en
840383930,NadirHassan16,88,en
2394218593,rDeamscapeaudoi,168,en
3413601593,siderealization,313,en
48674972,clemenswergin,2127,en
2514045312,13wam,1706,en
1529809286,Pb_Dirigible,3428,en
2818133449,FioccaJimmy,297,en
908168899,HowardHuge1,67,en
1128067351,PhMarliere,4649,en
2239487486,NoirMJ,3458,en
58765247,NJIvorygirl,9397,en
64752004,LandLordGotti,1802,en
384907052,Letyludigital,850,es
63493789,dsouzavinod,21,en
3996497555,SyaAssia,371,en
748264116,Eduk8tor101,1914,en
143567506,AndrewJFoote,1502,en
4054803569,PoltReal2014,151,en
3312168057,httpvanja,585,en
3248191320,1PhoenixDragon,258,en
2765579989,ro12Miguel,68,en
416707937,BigLdaGod,65,en
4732398561,corby_linda,7,en
4460498608,JemmaStyles225,125,en
4875756903,Royalty_Steven_,26,en
2943589670,CourtneyLMunn,448,en
788545194,bayarea_bias,173,en
3225348082,LoopedNews,211,en
3265559538,WomenWorldNews1,16858,en
4766785600,AlyssaKidwelly,35,en
4919536714,YSilverdora,5,ru
22808941,liberalprick70,637,en
102488708,SteveForbesCEO,118693,en
2555304391,DestinoTobias,116,id
3333820233,Ibelieveinberni,2218,en
4763869055,MaximinoHevel,89,en
2396554608,ArthurSolari,83,en
4757157796,Jennife60881301,9,en
520410021,cogitator99,131,en
19832886,jessied44,676,en
3560379048,BeTheBern,4709,en
18856867,zerohedge,312682,en
213371710,HeadcACE1906,1591,en
3293903200,OximityHealth,8522,en
833558286,pollyantics,1315,en
2394901880,APCSNCY,210,en
2158855397,fonda_mae,639,en
970800186,poseyslauren,2662,en
447061276,apppro1,1821,en
4795838269,CrashnDaPlane,497,en
2861407204,rmiskimens,189,en
3818909892,5756e14f4337465,1181,ja
139719874,cyote6,5186,en
4695197066,Hoowz,280,en
4765595415,HatcliffKelly,9,en-gb
3711496576,Cooking4Bernie,1851,en
914482993,BethCol77455974,1612,en
39801402,thefarmerjones,7192,en
2941365709,TheTruth24US,16129,es
389853466,Javier_TheDude,379,en
4733208251,MollyWaltham,21,en-gb
18548184,novenator,12208,en
401916571,ArchieM00re,952,en
183876837,TheRReport,11995,en
22205014,gc4ginger,53,en
512395916,FalesteenPrince,1428,en
699618413405216768,TunosBludscar,8,ru
386863776,APORTILLA787,140,en
3048357977,hypocrazy104,64,en
2731637805,CarsonsCat,557,en
21868866,captaindoodle,1846,en
2541443684,DefyThem,638,en
930178296,armandodkos,1877,en
22758704,JeffShowQ104,4779,en
39308549,DailyCaller,189470,en
4798623516,thenluedoorcafe,27,en
95368728,pollreport,12842,en
25207598,menjicm,501,en
147299114,firemanjohn628,1560,en
4763232551,ARolland4567,94,en
465641273,Sylvia_Berthier,127,fr
787402807,RPaulsson,311,sv
4756517009,StauntonJenna,23,en
4733382519,AskewHris,5,en-gb
27734496,librab103,1150,en
28410906,susanmcgraw88,401,en
2211693776,william4manu,1024,en
93946789,ADFmedia,1683,en
220872396,Eliza_Beth_Ann,574,en
4064331736,JackieMcReath1,1005,en
4838814472,GAWomen4Bernie,874,en
531098374,rapteach4kids,249,en
1724568876,angrysocialst,1586,en
759736381,LindaFoens,135,en
429208487,Genea_Logical,742,en
610263803,TimKahanek,5713,en
4732611934,CarrieEston,8,en-gb
91882544,DineshDSouza,251261,en
229556037,TheChimpyMan,210,en
124557613,mjsoutherland,849,en
924832128,savvie54,100,en
3147901760,lindamama02,384,en
156602721,An_Phoblacht,19125,en
1037557568,Hughkubota,47,en
382453823,Sassy__Abby,858,en
498812175,CarolynProctor,753,en
28926547,tooldtobehere,1560,en
4767023074,AriaOliver1,15,en-gb
4205184672,XavierBrezniak,1923,en
7848802,thegarance,47065,en
767951418,GoldWolf0606,18,en
556916841,JenniferBoaz,153,en
353931229,kittenkk,123,en
4035272183,CCPAC4Cruz,1951,en
720784502,MichaelHuff52,1000,en
3296663354,mikesldy6969,3177,en
4186702152,dickhustler98,51,en
50829455,CHARACTER1974,418,en
741264625,BrennanLena,203,en
293538523,ValerieAmos,48372,en
37976428,hangcat2,12,en
4762892236,DebbieBedingfe1,4,en
50589638,Wangruix,513,en
188317155,Auntiemels,1877,en
75318169,kujo71,3341,en
163416607,22C0in,411,en
2459553395,judtillett,856,en
2732944034,CitizensFedUp,2916,en
4763423242,evanferdinand2,71,en
1909087813,dollyp724,1567,en
2996391235,boomerforbernie,441,en
4756954588,KitsonTanya,9,en
385427190,Erentals,192,en
14855994,davidsirota,43316,en
4357959917,shadz6ty6,625,en-gb
81345391,cajohncox,284,en
1965652495,SelvageMedia,6681,en
224892527,BillKeeler1,1256,en
415162673,KStreetHipster,9689,en
3097253483,ormedesmarais,339,fr
4790841689,Churchill_Tim1,219,en
970353049,drclbm2001,135,en
56190070,CatherineDong,116,en
92079350,mmurraypolitics,38577,en
33900164,BritishGQ,282836,en
4919621458,BDorigami,5,ru
2800770047,brianlabradude,595,en
24103976,WriterRickie,435,en
129396367,climaticclimax,737,ja
3344434092,PeterWeiss150,36,en
457889582,JManning1727,155,en
27404671,SavageNation,26768,en
21688445,OWS_ellie,1607,en
4741998093,EvelynMuston,11,en-gb
3603690382,BernieTampaBay,2084,en
13262862,HowardMortman,4009,en
53390573,MiltonCapeletti,560,pt
2911939578,__Pete__33,340,en
759251,CNN,23333306,en
3130914869,LivingOnChi,3357,en
3317943698,rakib_Ctg2015,11,en
26245422,tennismom67,145,en
3413878965,CarlaRK3,1427,en
2737015671,TheBrkNews,499,en
21760231,ByLeavesWeLive,24921,en
519597374,gpracer350,1962,en
407818872,Skeptical_Lady,2876,en
4871144782,johannesansgaar,25,en
3246707126,AllMghtyLantern,24,en
255846742,A_N_T5,74,en
35989673,VIAwesome,85742,en
44691618,MikeCurkov,887,en
16815644,ABCPolitics,101423,en
3253125358,GRForSanders,14052,en
2584211443,Jan_daCosta,110,en
3643002432,MzPatchouli,424,en
4748847203,LemanLydia,6,en
614916825,carlaakins,669,en
4207961,chrislhayes,512657,en
4928035462,tanjuPOLITICS,85,en
564111558,bpolitics,47683,en
3946365557,sandersequality,584,en
421758257,RadioJonesPippa,720,en
23029385,ScottyRad,213,en
426832432,mel_hewson,729,en
4558261653,DonaldTramp45,386,en
45137529,paddymsp,382,en
168706112,benjamin__bland,539,en
5729192,jamesbaker,160,en
31499636,mmeyerstpc,1821,en
4752263974,HambardJill,16,en
3294592677,OracleFrequency,5871,en
66808635,ballerinadalek,219,en
4763109557,corby_grace,13,en-gb
422295854,TheJasonCarney,1100,en
29104658,derzquist,365,en
588351612,TRUTHAWARETRUTH,570,en
39591292,libismanaged,175,en
122678297,koontz205,1132,en
4128737326,HiteshRaj97,87,en
97269149,Wildfang135,1677,en
4762625734,NizarShad777,104,en
4745665109,MarthaBoville,2,en-gb
27315844,senseoncents,855,en
200242144,dsm_1396,54,es
3253945590,lotn2635599,1447,en
1065480518,janhaellgren,535,sv
627773242,j_lajara,231,en
123926189,medical91,33273,en
49159747,jilkat25,858,en
2998815770,morgandrose,536,en
4733301453,alison_strader,3,en-gb
573842268,RoseAnnDeMoro,2538,en
285004674,ReneCuperus,4017,en
23139337,Brian_Sussman,4634,en
93419194,ArthurA_P,11981,en
3403645486,TNWomen4Bernie,2006,en
2223691094,ErnestLamonica,1527,en
4761484516,LentonAmanda,6,en-gb
500734251,mrsgordon586,250,en
4800723796,Capitalics,51,en
231510077,JoaquinCastrotx,33489,en
4763539577,AlbertAnt123,82,en
945863539,soc_list,848,en
2919901436,RealFKNNews,9029,en
2302181414,tthomaslew76,1987,en
221225042,BrettCharles,203,en
31878193,LivingLoving314,1901,en
4766804722,lumbard_bertha,20,en-gb
3142292772,krtnpdl,509,en
221972776,_Julio_Caesar,711,en
30750316,MidnightsMoon,190,en
4755032543,AliceBeauchamp2,22,en-gb
2663115926,bad_robot_57,2489,en
258207106,v_verite,254,en
111692611,DanielAssai,282,sv
17312357,GStuedler,4676,en
576215318,shipman96,5273,en
4302632057,BernieTweetArmy,246,en
4722474567,dee3620,443,en
3771567196,RockyBalboa1066,1885,en
19129247,sikalicious1,76,en
1521052525,Charlemagneiii,591,en
764979343,YeaYouRite,3567,en
3408262787,CallawayBOT,1382,en
4012843516,bernreport,2978,en
71624044,leshassel,162,en
2974056147,Selfempmom,63,en
2998519304,stazi85,59,en
16905404,sslyb,1326,en
2333076477,LHofstein,69,en
413154183,BSpearsTaughtMe,91,en
376501528,youlovedalvie,192,en
18495916,WillSmirk4Food,712,en
14802098,geogray,270,en
17469289,nypost,914047,en
4732742981,AmcottsJune,10,en
4757301135,FionaSampson2,7,en
416377251,defnegirlfriend,1415,en
74727751,chetony,1444,en
3060165102,KeepitWhole,914,en
23498379,renmicpa,1659,en
83668232,JesseFFerguson,8334,en
1137748344,JerisMcIntyre,2265,en
4430502072,TXAGJohn58,140,en
381838828,TallPaul513,88,en
36117076,parvez1,2179,en
438885932,RicetteAmore,77,it
586618642,WeskusOuma,316,en
1167617162,munazainab,268,en
15288889,loves_dandelion,1479,en
22666333,Shizzletheland,1550,en
626503046,davidjones720,18923,en
390372254,SebastianJRusso,698,en
342661598,fuzzfoster,666,en
411133921,PhyddleDD,1630,en
3572758941,FixDemocracy16,354,en
4577372903,annikacora721,126,en
2323916868,jmamoretti,243,en
309141424,jaflowers2,439,en
80619457,Aubs89,2810,en
169048979,PaulRobert2,97,en
490764827,MsOCHubbard,1264,en
24191523,TLDubs,83,en
1954633326,JamerJen,172,en
16247383,abc13houston,230526,en
3230506762,JasonWaddell6,28,en
834370586,GrnEyedMandy,7617,en
4864937778,swpitt26,9,en
4748891183,GloriaBurton18,5,en-gb
570387863,solomongrundy6,2811,en
14268812,ron_fournier,47366,en
403095640,mehmetkugu,68,en
438085962,3patricksmith,193,en
32346621,northanger,1399,en
23484039,WSJbreakingnews,373833,en
4429709805,StopTrumpPAC,2162,en
43467979,WaAmaLionTruth,408,en
2386773551,Shekina29292890,1059,en
4851716420,Partisan2016,334,en
2250952831,WhatDQAFa,220,en
4227517822,MC_RaidersBBall,123,en
39615827,WRVOnews,2093,en
4728284481,SimeonLori,8,en
404088632,whytaneth,130,en
398354613,VirginiaInCal,9924,en
2633344311,sophster145,575,en
16585101,ouchinagirl,12279,en
253617538,gamefacelee,1455,en
59785531,ElementsMatter,96205,en
2914009158,EastMedMonitor,15326,en
164937021,keeton626,204,en
22515874,TheAffinityMag,26510,en
615327698,jobrownbluesky,13,en
632674240,Yoshiii343,104,en
1295221058,KiseIsABitch,10,en
9209632,danielgary,3149,en
819918162,zomgitsjesus,38,en
4748627481,HeydonMelanie,11,en-gb
4763418869,KaidenKasper,92,en
3760573814,ZillaProbe,38,en
3972870273,wearly_s,73,en
14492810,pessimism,784,en
4763103028,JanePhilips4,15,en
4752374056,DorisHorsey,7,en-gb
20773709,Rilandina,10,en
4733218462,TerriRamsey17,10,en
53358442,DanSlott,85727,en
3809942953,pkpastel1227,37,ko
812185596,billmon1,11491,en
27000897,jonpryor,781,en
4762719394,DarliaBabe,104,en
273566960,frickfrakin,240,en
352136890,OgTeabelly,308,en
3237678427,DawgsForBernie,1076,en
24824555,RNosmik,356,en
281282774,LatPoliticalAve,9273,en
104950853,_LegsslikeWhoa,482,en
2980225345,Grubiak_,621,en
4753123577,GrostonLara,18,en-gb
2443083780,IanMolony,3047,en
463110481,TexAU96,94,en
239631404,SharpHDYT,44,en
4743599073,HornleyVicki,6,en
2851143945,DeckDecktor,45,en
1445009419,MonkillaIII,43,en
3408892947,alanmaddison20,1958,en
871921008,meetnpatatas,1353,en
1568656350,GoDemIdaho,5555,en
1543095236,hum_anity,1311,en
3241887378,LI4Bernie,2226,en
3228700121,skeapckop,44,en
4460634508,JayDeJesus147,133,en
3229018929,AllinnOe,62,en
1342623535,Binet7007,24,es
18575342,Knichs_,1198,en
4735226715,CarlyGr87640978,16,en
4753094675,ConquestMolly,4,en
544749317,steven_corey,425,en
406374403,mialee_e,53,en
49292083,dcjam27,4267,en
24715018,Stcrow,6749,en
2518144656,monkeywine,819,en
30193517,HouseofTwits,8003,en
134592786,YvoScheringa,192,en
182347444,stringfellow2,4745,en
203044193,bja222,1340,en
3136161212,DaBearded0ne,670,en
1353064302,jadewalkerr21,756,en
4856320684,thelesbernian,139,en
4737870795,goring_sue,8,en
3298091964,vivabernie,2684,en
1361347831,mckeangun,143,en
3420388094,raytford,100,en
216776631,BernieSanders,1459602,en
2305888410,FemsHaveBallz,27010,en
24908953,sunkist111,176,en
3904956605,ArabsForBernie,1988,en
39313353,jciragorri,61429,en
4616260162,beljoymcmurry1,324,en
27662295,docwindprod,246,en
465303003,karmasupra16,410,en
474202929,KarrattiPaul,26806,en
16076032,ggreenwald,638295,en
572126558,_RobertHoover,189,en
27611457,mwaze,67,en
4905994094,denzel_nebraska,664,id
4764273634,tanya_litton,38,en
3122940896,beautimiracle,87,en
15349653,BlackInformant,23642,en
344658101,bayonnebernie,9514,en
4762894697,faith_deering,10,en
456401339,whisperwatch,191,en
2460749166,WByng,3302,en
797336796,cpr018,429,en
89861792,Bushido61,187,en
559927866,sambw_24,222,en
360820739,stinaa1982,566,en
242618658,AppSame,1075772,en
324587356,Integrity_Plz,322,en
21701757,GQMagazine,808431,en
18034246,imaretired,959,en
2836421,MSNBC,887616,en
2860995483,dfndtWIB,19,en
1263093914,souleymane1211,1731,fr
4101100947,Independence94,231,en
2596709251,williamsweapon,9888,en
19084896,TheRickWilson,30373,en
4150970205,NeylanAndre,85,en
2396615286,OnlyTruthReign,6707,en
4321622127,KarineGoddard,52,en
228865063,38_28_38,3671,en
408795888,VeeEmm_92,266,en
4648220472,eugenetsn,8345,en
1214582460,facialimped,37,en
526346146,TCuccio,450,en
4732380735,LoriBrome,4,en
22199334,_Susan,1212,en
56038149,MAHAMOSA,76478,en
2286417416,RajeevR62038315,9,en
72170994,KNOXbroadcast,785,en
219350591,PoliticoScott,4166,en
222962448,Kenny1918,1460,en
90280824,Suma4720,4209,en
14957147,TheYoungTurks,151797,en
2834486477,Sadiesgathering,127,en
785524554,claydirtman,8510,en
4756391477,SylviaF13092383,11,en-gb
799531411,StormyVNV,25901,en
4747136237,HigdenSharon,10,en-gb
67839926,oscardagrouch77,1568,en
16666771,joynglp,159,en
4728945939,the_fire_berns,1303,en
2479977919,mikesmith8026,5137,en
4752252975,LehenardLauren,9,en
26237787,sweetgreatmom,818,en
25240424,BrotherCooper89,929,en
2376598567,JJohnsonD48,179,en
2379300853,IngerMarieShe,457,no
2337404778,Nerditupnation,1881,en
2475599276,NewyorkWeissman,2774,en
62743904,ktnicoll87,1017,en
2731206057,RitaDentino,1129,en
17620988,bran_dj,2758,en
21004961,LaneThomaHewitt,778,en
2285334198,bephil87,184,en
4753351828,DorewardJessica,8,en-gb
3666794837,CitzAbroad4Bern,2231,en
306415570,robbiehart21,2277,en
4460391683,KatieNaughty97,109,en
45409867,gugachacra,74652,en
2526741,whitepants,152,en
792660210,NahBabyNah,62857,en
49126900,cuegle,31,en
1049171,tomwatson,8445,en
4762680495,LondJenna,13,en-gb
708253567,Letter10Media,653,en
1216227440,KellyNan316,626,en
28519022,SugaRazor,1460,en
380285402,DailyMail,81978,en
3302993621,tommorrison950,748,en
3060235391,equilibrium1986,1397,de
4766864501,dove_stella,18,en
12354832,kasie,51384,en
3369291113,kateegillette,4,en
2462287062,RavenHead2014,680,en
575808605,magpiewalk,471,en
3241931810,Iowa4Bernie,7447,en
865209350,ScotCharlotte,116,en
3932741,Libraryben,1255,en
70490243,YourEvilRedneck,71,en
16343974,Telegraph,1584490,en
3195763956,Latinos4Bernie,13023,en
3094812700,SelmaCovington,148,en
4436399963,trvlfearlesysl,11,en
620118963,AyooStasia,1605,en
4919866917,AgamawormKarana,3,ru
4871218083,DadHillary,85,en
2337997079,graham_hawkes69,365,en
2400901568,KevinDarryl,2191,en
523293433,KeirFrancis,3572,en
2550649962,verbotenideen,4316,en-gb
885618979,Gcurry25,23,en
4763031856,DorisHedvika,105,en
3317552492,faveswithfaves,2708,en
4763248828,ErikaQuintin,21,en
1509803635,maynon2013,4935,en
1966075729,HedinJohn,1502,en
4757298880,MargaretSalton1,4,en-gb
2600741154,mlrich4,13,en
3080571977,KingBlake__,976,en
4889469454,ContraryClub,644,en
346506403,JanBontje,758,nl
862120524,vivian_terry,497,en
3234295855,berniebabe2016,143,en
2504417352,jodalatour,748,en
292125769,Strauch_Inc,322,en
891114542,gmiller1952,9355,en
177070701,Hlandeast,4980,en
220884954,ItsMarcie,21,en
88146602,buylandonline,8573,en
22063012,BradS_80,863,en
581001305,Rock0040,2343,en
4732217301,WSweetecok,12,en-gb
4734241535,RachelThorpe10,15,en
160504259,cossa68,3325,en
21913518,RhodaJA,1409,en
42462638,FlyingPeanuts,235,en
1719692605,Gooner_Rafa,231,en
37246966,dcbillsmith,469,en
4756364476,HorneboltHris,28,en
2191093538,nancysuzyq,1889,en
22699560,CindyLeinwand12,1681,en
380566088,Hirecars_co_uk,298,en
17917717,wilson6923,3024,en
3038654024,estblshmntdave,64,en
3324561251,Bernie4PresUSA,2022,en
282747242,MarkSKrikorian,7601,en
33128579,BJPsez,132,en
570859259,colbarroosevelt,347,en
167708017,ReSinanian,508,en
58926290,sheabrian,416,en
491258068,theNewsfox,6436,en
2585366864,GeffGefferson1,1075,en
279726380,HCashny,330,en
9232522,sabyjams,165,en
215829302,YICYAC,115,en
19683583,pcournet,765,fr
4905420028,historicalenemy,12294,en
79187514,hrhsar,2284,en
2384770273,MattMarousek,162,en
377770044,WinthropPoll,1539,en
39424487,sosthenescosta,201,pt
257996264,ladybug0501,752,en
25688206,Chaching466,582,en
19564179,A_Filter,282,en
39483850,ladydreamspeed,245,en
32211946,HassNassar,93405,en
435187389,red_roy_,191,en
226344061,karpmj,1315,en
2579357802,omgwtfbrb1min,208,en
210520136,ereshkigalgirl,23,en
4761909892,InwoodDenise,9,en
20595487,Progress_Speak,505,en
38521282,cantontweet,2351,en
3796593921,drk0phyr,1224,en
3319640879,tprayaag,45,en
1053236226,continetti,6657,en
1472870006,louismjj,676,en
3392176918,JesseSbaih,539,en
4734220641,BerthaBulkeley,24,en-gb
813894415,GabeBenincasa,230,en
1668150649,KWkq7,228,en
26837501,thegoldfarb,7492,en
24636750,AnonTsa,212,en
21940442,toddrobbinss,397,en
2433194094,razzberry1947,1651,en
126416038,odibro,539,en
14421994,ohSAMah,91,en
44067298,michaelmalice,2167,en
3272731339,_khlwxi_,50,en
726815306,Brookes641,14,en
569267022,JamesYKwak,2326,en
132810751,stefaniami,6670,it
65209619,alanp90210,4404,en
956257160,GENX4Bernie,873,en
114922297,billgockeler,80,en
117452952,Comanchegyrl,969,en
869124476,princessrandaaa,407,en
74951679,ndaktuell,16658,de
2499847386,alunchleageu,97,en
3159553980,boldliberal,41,en
4766751065,melissa_isley,13,en
1018957536,omahabe2,3991,en
2233237531,Vote4Mayor2019,2033,en
816116695,StephenKeim1,1614,en
1352007468,isaperch,227,en
2683126404,ejcohan,94,en
94199318,cvh7,89,en
3266978148,GAAnnieLonden,2222,en
3815690776,OwossoKim,91,en
3346797053,GoPureNatulasr,49,en
20504637,MxJ7,1098,en
2955887999,FinnesseTheGame,210,en
4734152841,KirkebyFaith,120,en
107558871,shahnonsalleh,1825,en
502385228,TheIanTensity,698,en
112526560,kenvogel,22681,en
34817515,BRMASH58,354,en
3347087129,okrtham,37,en
2978283059,DennisNorthrup,697,en
791019240,TheBardockObama,152958,en
425826223,angelathomas22,919,en
18633314,noenglish,289,en
3504407837,ratgeo5,113,ru
930911977,mariannecope,14937,en
3337804853,Bernlennials,17017,en
833839440,Leichtskorpion,83,en
923536003,TVineberg,2122,en
17010163,ciaogirl9,1879,en
5644772,steve0423,40972,en
301516861,MIamenabar,424,es
50475911,BrianSlodysko,1703,en
819998784,Joweeezy,824,en
195271137,larryelder,74926,en
4756746437,EllenNarbridge,7,en-gb
558015025,mchallamlaw,4010,en
4757011887,DeniseCurzon,3,en
3387884877,XPravdaX,465,en
1046418140,ThatAce_Lace,131,en
885612152,ChickieVurch,78,en
211742009,BrainSato,194,ja
113128420,tubasam79,149,en
15590010,DJ_Lena,4912,en
1690552321,DecadentDissent,1710,en
3196826180,BigTimeFootball,2118,en
4758646629,Catheri45870607,10,en
28878752,grandmahannah,628,en
2394140450,ShantnaHRW,98,en
19310250,johnfund,2477,en
4428884297,_ChurchDesinrge,14,en-gb
1247167226,oxdspalla,43,en
106156766,GaryPeters14,231,en
2515601726,marobella3,38,en
4745136615,JillHay00851148,9,en-gb
2865010623,_Almaqah,442,en
22067034,CliffOlney,949,en
4762894343,mina_ursula,96,en
2382573287,sbandr_,476,en
77782711,JudiBlue883,11342,en
635724540,Courtney_Cox3,456,en
4763602283,CeesLochlainn,73,en
872600125,baldwin_sydney,79,en
1004364444,carpediem1969UI,724,en
3286463425,Truthdoxxer,930,en
4765661681,JulietMerden,11,en-gb
3894206656,BernieBus2016,2874,en
4734742697,carmen_hinson,9,en-gb
1379288282,peddoc63,104898,en
69995377,newman_chris,3059,en
8287732,CamelotGypsy,5634,en
21060763,wellshwood,10616,en
283381315,JesseWilcox12,191,en
78036552,babwire87,281,en
28724749,CalRulz25,92,en
18417159,StrikingConcept,1396,en
2400514933,FloidaLiving,610,en
2581510651,funnyguy7891,14453,en
369066966,boosbazaar,587,en
227557003,ChrisC_Penguin,41,en
4757074096,AnnetteGoodrin1,11,en
314232881,MalcolmXNetwork,1244,en
4919727022,JobourneStonec1,4,ru
2329148678,sunflowerqueen6,186,en
4762759755,ChantalWyghtha1,9,en
18931556,joaofellet,1826,en
2689574322,WorldForBernie,1479,en
622750531,YerboutiSheik,5352,en
16674789,MikeMorey,904,en
109377795,AndresSastre,508,en
97956775,dckath,189,en
146160591,Lee_in_Iowa,7721,en
1696505172,StacySmuikys,3,en
792446161,darrenjdouglas,5478,en
106170637,yoc_chyy,3612,ja
489772635,LawrenceTungatt,39,en
15571428,GrahamKHarper,2007,en
177584156,jjauthor,143720,en
4748785625,LaurieBedgberry,18,en
4910637383,TheMisterPool,129,en
18197198,hmf284,287,en
32356037,NikoWavy,35760,en
1469783334,ADDCharlie,7,en
1242631568,AngieMeader,2672,en
62361786,AJslackie,8567,en
4736934317,HarpedenMelissa,18,en
2233897784,EveryoneIn,596,en
16469505,allanbrauer,5510,en
49175101,FactsMatter,1756,en
4919753170,MotusAriuswyn,9,ru
4919471871,goltigamand,5,ru
228134082,joeyyeo13,7242,en
242937562,LieparDestin,450,en
32794999,kimscloset,904,en
4806144210,Accurate_News9,765,en
91119726,MeeraSeshadri,537,en
4733146689,MariaMotesfont,29,en-gb
916702002,kitto1975,579,en
3366550984,gsalsgiver,167,en
34048927,DaTeOla,255,en
110909750,rchrisjames,52,en
451777996,ogerface,80,en
4068347835,PikettyLeMonde,10528,fr
104459389,sheriffali,121144,en
4742668815,ManstonSophie,27,en-gb
360209216,blubarycroc,468,en
96058851,honey_of_life,693,en
79292137,BrianPageau,323,en
21510643,Deshraga,2934,en
218466352,panyan0415,56,en
145087572,baroqueartisan,1657,en
1639188474,KevinMurphyDJ,61,en
3220231513,matthewfre_matt,960,en
16042794,GuardianUS,160845,en
1199216136,jan_goran,776,sv
86199249,dropoutnation,7305,en
4757030661,HayleyHarbottl2,14,en-gb
243291372,BlueTrooth,3194,en
4732615102,LoriHam15556456,23,en
62334637,numberedsoul,92,en
16481327,w116tjb,41,en
429480778,Alboss_ZS,985,fr
2993636064,ErwinRommeow,883,en
18121293,oledi45,419,en
1167948745,Menace_Punky,83,en
1339835893,HillaryClinton,5430601,en
2147587014,J11181882,471,en
90726077,4OrganicFood,23,en
38781275,lucioller,614,en
22322776,99Brett,1135,en
4752235342,hopton_sylvia,10,en-gb
2295343929,bowhunter_va,13984,en
354330741,PresSanders1,9218,en
761884866,HedgeyeIndstrls,2275,en
4741993108,cheyne_linda,16,en-gb
2516498456,McIvorEmily,169,en
4762899561,FittonVicki,4,en
4741929988,NorburyDorothy,14,en
3121256782,SlubertFri,49,en-gb
22214655,Diagnostician,52,en
4764112539,LouiseF99203920,10,en-gb
3374996974,vortegavo,101,en
32501175,IamAkademiks,175325,en
180247893,DanielSoden,1241,en
2397803437,PodemosLeganes,4037,es
2572890921,charlamanesbane,596,en
3027202722,cybersec4u,7397,en
527041602,micah_morrison,1373,en
2840325027,rollingintheAYA,94,en
2964285299,HaganNoeleen,388,en
466519303,NicholsUprising,35904,en
4756207114,DebbieSauntert1,13,en
59009488,SorenHough,450,en
51873283,Zombiebirds,11,en
4919785127,akidefender,2,ru
4873159990,LinzGramsCloset,5,en
407250377,caramelputa,1816,en
700648438950592513,America1156,1,it
157099071,PuestoLoco,3998,en
4919598273,GoldgrinnShalis,5,ru
251496437,HotlineKaryn,1453,en
305017129,AModelsMom2011,311,en
16028382,WESH,91988,en
1146349951,popstherock33,20754,en
3305421866,judithadkins20,345,en
1318846926,Jschoonie52,170,en
586937010,s_makenzie,1293,en
150709446,SEDLAW15,4480,en
469845522,TAW3333,2213,en
343521941,_Julian_NYC,236,en
895901646,PlurntReyes,763,en
3141672447,People4Bernie,36183,en
16532762,MommaERadRebels,617,en
35336511,wolfeprowler1,2710,en
4747757363,RondelCarmen,6,en
4917701599,MiyagawaTakaha6,120,ja
4182688875,PattiBerry31666,1400,en
4760985321,AlisaandBernie,253,en
362618632,Jim_Philosopher,497,en
865200110,marti431uew,632,en
22320796,AstoriaSean,1359,en
1921258404,TylerHarris2018,3,en
2194844046,TinyPurseDog,356,en
4738653039,FoddLara,9,en
251390585,rasiyah,210,en
56486253,CarlPackman,2768,en
541131956,PParzival,2166,de
261442478,seemeimaperson,116,en
448867482,IamSoffWilliams,192508,en
60841112,Only4RM,7094,en
4732550433,JeanLetterford,8,en
329329046,saponicheryl,446,en
17147223,eliasisquith,9917,en
4578385762,bertokdashiell9,115,en
27796390,johnny3Ko,55,en
118245138,woodruffbets,13450,en
4745360427,KatieBristow5,4,en-gb
598826233,notSunnybrook,88,en
745332559,rosiebudpisces,664,en
4875661308,DFLprogressives,131,en
377949581,NBCLatino,45733,en
4747594229,JaneRatcliff1,12,en-gb
1368701184,HeckFurry,538,en
4708186552,SkipwithJulia,48,en-gb
36575786,GrandmaWat,3467,en
2896680477,TheGreatLarue1,18,en
1438602337,womengetpolitic,1735,en
4737877815,FaithWotton,11,en
480751778,mattcoe36,1596,en
532716638,ConnerPrachyl,130,en
223978811,jvsbe,735,en
126320943,AquilaBasketTN,4520,it
4756215028,denise_peel,7,en
4747720403,DuncombeMiranda,12,en
725306756,benschmidty24,386,en
454192246,finchelstein,5544,fr
51296658,camp1955,280,en
19010251,_therealdave,119,en
588192356,mercier_mike,1010,en
365889796,DOUBTMYPROGRESS,950,en
523631873,KimMarkou,178,en
3035368411,pamxtc,60,en
4919398787,KelmaranAnayad1,4,ru
137199894,innatevalue,422,en
2768049243,barbour_nancy,553,en
30237735,eelcobvr,50224,en
15326206,wavesofeuphoria,2076,en
358410527,ireneberns,10150,en
2488263439,lnmrls,1454,en
2535367145,trekkerteach12,1301,en
4756083017,HolseyJade,7,en-gb
36072276,Katlaya,2847,en
4763761875,AllenIsidro102,82,en
4747815231,haddock_hayley,9,en-gb
3044926223,Tharparion,518,en
2884021535,OnsightIT,303,en
110466097,RussOnPolitics,4934,en
3005214872,pambevis,41,en
38226264,seolatta,3708,en
80157465,WAYNRadio,2253,en
373331421,jimdwrench,9190,en
15808113,edgeoforever,1483,en
164063896,ElliotSime,58,en
1475667002,OneWingedAnge1x,148,en
52280605,d_rc__,164,en
506127138,DrMikephsinc,5,en
225184807,oskaralexnder,23,en
3222073316,hamilton323232,40047,ja
4835834953,FjiEJwCR7sIYPgD,125,ja
20737589,mharvey816,3943,en
32845990,thepeoplesview,3056,en
4653883167,Shirley43392434,18,en
369844120,TruthBlooms1,1077,en
4741903504,MalinsAndrea,10,en-gb
379869831,CharlesMunn1,80542,en
14472837,Brithor,110,en
281562815,desdemanhattan,16971,en
3119327170,JamesSheaiv,284,en
3009824849,gobenizzle,62,en
14997156,kimfrederi,2278,en
3740336896,kas_224,127,en
26793098,dogmama217,1105,en
4390331,mickivoss,4176,en
459259315,CC4Future,1580,en
2535088806,johnbutalsojake,157,en
67293615,Coondawg68,10942,en
266336410,colesprouse,2019650,en
4448656333,DemocraticPNews,404,en
278750925,remorphabeing,522,en
1458417840,MullenPmullen,1869,en
4826268304,AlanKestrel750,121,en
64080927,Rflutist,758,en
25379932,CultureShlock,2173,en
33205490,Jeff_Raines,905,en
35651385,somcak,211,en
61663531,nutmeg3isme,726,en
2914168920,LayDaye,1495,en
363612076,JahangirSartaj,1916,en
983687378,ambivaIentIy,192,en
4778009189,rheinrich1000,286,en
30196444,HouseofTwitsLab,2024,en
20739619,sarabi86,422,en
4756118963,HadreshamHelen,18,en
1696825783,TilikumCo,2544,en
2274644953,Anxie_TEA,1975,en
885505854,mattvogt69,553,en
21238299,revistacapital,68375,es
21368060,MattWelch,32438,en
15667291,BillMoyersHQ,109096,en
4919470319,ghocrusher,4,ru
2300769243,c_yancey28,590,en
1288888304,SaraKropf,400,en
178876958,CorinneJPN,894,en
4259761,cybrestrike,776,en
151106990,BrookingsInst,212151,en
4447351547,simona026,718,he
49948272,StrayYellarDawg,529,en
190883992,vickyu19,198,en
2286374274,zhawk23,12,en
2432795750,tlbear14,48,en
